xmin	xmax	ymin	ymax	showSelected1	row_in_group	na_group
-11.45	-10.55	-3.380355505088	0	6050,0	2	1
-10.45	-9.55	-2.97244180460322	0	6050,0	3	1
-9.45	-8.55	-4.83076385552693	0	6050,0	4	1
-8.45	-7.55	-2.27671747390488	0	6050,0	5	1
-7.45	-6.55	-6.58601563523606	0	6050,0	6	1
-6.45	-5.55	-6.11826876883435	0	6050,0	7	1
-5.45	-4.55	-4.13285583264183	0	6050,0	8	1
-4.45	-3.55	-1.38970170764729	0	6050,0	9	1
-3.45	-2.55	-2.86238371839106	0	6050,0	10	1
-2.45	-1.55	-10	0	6050,0	11	1
-1.45	-0.55	-3.26767698825174	0	6050,0	12	1
-0.45	0.45	-6.9480717997991	0	6050,0	13	1
0.55	1.45	-3.77516705245229	0	6050,0	14	1
1.55	2.45	-5.88548718172686	0	6050,0	15	1
2.55	3.45	-4.80019216491243	0	6050,0	16	1
3.55	4.45	-7.89666768572302	0	6050,0	17	1
-45.45	-44.55	-4.87880508363541	0	6100,0	18	1
-44.45	-43.55	-2.50338472288946	0	6100,0	19	1
-43.45	-42.55	-1.56439708258724	0	6100,0	20	1
-42.45	-41.55	-5.00240206140543	0	6100,0	21	1
-41.45	-40.55	-3.43494780975674	0	6100,0	22	1
-40.45	-39.55	-2.64445123815347	0	6100,0	23	1
-39.45	-38.55	-1.44909813512687	0	6100,0	24	1
-38.45	-37.55	-0.0602699043542822	0	6100,0	25	1
-34.45	-33.55	-5.54177403153252	0	6100,0	29	4
-33.45	-32.55	-1.96401275276237	0	6100,0	30	4
-32.45	-31.55	-2.87111848713805	0	6100,0	31	4
-31.45	-30.55	-0.151111499323055	0	6100,0	32	4
-28.45	-27.55	-1.97798838275757	0	6100,0	35	6
-27.45	-26.55	-6.87994060357252	0	6100,0	36	6
-26.45	-25.55	-3.82757566493427	0	6100,0	37	6
-25.45	-24.55	-5.2421714635105	0	6100,0	38	6
-24.45	-23.55	-5.46490806655894	0	6100,0	39	6
-23.45	-22.55	-1.29143555924357	0	6100,0	40	6
-22.45	-21.55	-2.15006332707342	0	6100,0	41	6
-21.45	-20.55	-0.516661571384898	0	6100,0	42	6
-20.45	-19.55	-0.30659038301961	0	6100,0	43	6
-19.45	-18.55	-1.47661265667991	0	6100,0	44	6
-18.45	-17.55	-1.8801589727912	0	6100,0	45	6
-17.45	-16.55	-1.69672882910425	0	6100,0	46	6
-16.45	-15.55	-0.37166441018474	0	6100,0	47	6
-15.45	-14.55	-3.19692536140106	0	6100,0	48	6
-14.45	-13.55	-0.748132943180329	0	6100,0	49	6
-13.45	-12.55	-1.73166790409224	0	6100,0	50	6
-8.45	-7.55	-0.716687775691139	0	6100,0	55	10
-7.45	-6.55	-1.36917500109185	0	6100,0	56	10
-5.45	-4.55	-0.216185526488186	0	6100,0	58	11
-4.45	-3.55	-0.0161593221819452	0	6100,0	59	11
-2.45	-1.55	-1.06345809494694	0	6100,0	61	12
-1.45	-0.55	-0.144123684325457	0	6100,0	62	12
0.55	1.45	-1.5255273616631	0	6100,0	64	13
1.55	2.45	-1.30628466611346	0	6100,0	65	13
2.55	3.45	-3.67995807311001	0	6100,0	66	13
3.55	4.45	-0.296545398960563	0	6100,0	67	13
4.55	5.45	-2.70559461938245	0	6100,0	68	13
-45.45	-44.55	-4.87880508363541	0	6100,50	69	13
-44.45	-43.55	-2.50338472288946	0	6100,50	70	13
-43.45	-42.55	-1.56439708258724	0	6100,50	71	13
-42.45	-41.55	-5.00240206140543	0	6100,50	72	13
-41.45	-40.55	-3.43494780975674	0	6100,50	73	13
-40.45	-39.55	-2.64445123815347	0	6100,50	74	13
-39.45	-38.55	-1.44909813512687	0	6100,50	75	13
-38.45	-37.55	-0.0602699043542822	0	6100,50	76	13
-34.45	-33.55	-5.54177403153252	0	6100,50	80	16
-33.45	-32.55	-1.96401275276237	0	6100,50	81	16
-32.45	-31.55	-2.87111848713805	0	6100,50	82	16
-31.45	-30.55	-0.151111499323055	0	6100,50	83	16
-28.45	-27.55	-1.97798838275757	0	6100,50	86	18
-27.45	-26.55	-6.87994060357252	0	6100,50	87	18
-26.45	-25.55	-3.82757566493427	0	6100,50	88	18
-25.45	-24.55	-5.2421714635105	0	6100,50	89	18
-24.45	-23.55	-5.46490806655894	0	6100,50	90	18
-23.45	-22.55	-1.29143555924357	0	6100,50	91	18
-22.45	-21.55	-2.15006332707342	0	6100,50	92	18
-21.45	-20.55	-0.516661571384898	0	6100,50	93	18
-20.45	-19.55	-0.30659038301961	0	6100,50	94	18
-19.45	-18.55	-1.47661265667991	0	6100,50	95	18
-18.45	-17.55	-1.8801589727912	0	6100,50	96	18
-17.45	-16.55	-1.69672882910425	0	6100,50	97	18
-16.45	-15.55	-0.37166441018474	0	6100,50	98	18
-15.45	-14.55	-3.19692536140106	0	6100,50	99	18
-14.45	-13.55	-0.748132943180329	0	6100,50	100	18
-13.45	-12.55	-1.73166790409224	0	6100,50	101	18
-8.45	-7.55	-0.716687775691139	0	6100,50	106	22
-7.45	-6.55	-1.36917500109185	0	6100,50	107	22
-5.45	-4.55	-0.216185526488186	0	6100,50	109	23
-4.45	-3.55	-0.0161593221819452	0	6100,50	110	23
-2.45	-1.55	-1.06345809494694	0	6100,50	112	24
-1.45	-0.55	-0.144123684325457	0	6100,50	113	24
0.55	1.45	-1.5255273616631	0	6100,50	115	25
1.55	2.45	-1.30628466611346	0	6100,50	116	25
2.55	3.45	-3.67995807311001	0	6100,50	117	25
3.55	4.45	-0.296545398960563	0	6100,50	118	25
4.55	5.45	-2.70559461938245	0	6100,50	119	25
-44.45	-43.55	-2.49333973883041	0	6150,50	120	25
-43.45	-42.55	-2.0203520111805	0	6150,50	121	25
-42.45	-41.55	-1.13814036773376	0	6150,50	122	25
-41.45	-40.55	-0.354194872690746	0	6150,50	123	25
-40.45	-39.55	-1.21151242520854	0	6150,50	124	25
-39.45	-38.55	-0.104380486526619	0	6150,50	125	25
-38.45	-37.55	-0.218805957112285	0	6150,50	126	25
-34.45	-33.55	-4.35253526662882	0	6150,50	130	28
-33.45	-32.55	-0.940734594051623	0	6150,50	131	28
-32.45	-31.55	-0.574311045115081	0	6150,50	132	28
-31.45	-30.55	-0.0502249202952352	0	6150,50	133	28
-30.45	-29.55	-0.0218369218674936	0	6150,50	134	28
-25.45	-24.55	-2.69511289688606	0	6150,50	139	32
-24.45	-23.55	-0.0296982137397912	0	6150,50	140	32
-23.45	-22.55	-0.651613748526008	0	6150,50	141	32
-22.45	-21.55	-0.463816220465563	0	6150,50	142	32
-20.45	-19.55	-1.70983098222475	0	6150,50	144	33
-19.45	-18.55	-1.79936236188147	0	6150,50	145	33
-18.45	-17.55	-1.81421146875136	0	6150,50	146	33
-17.45	-16.55	-0.420142376730576	0	6150,50	147	33
-16.45	-15.55	-0.121413285583264	0	6150,50	148	33
-15.45	-14.55	-0.627593134471765	0	6150,50	149	33
-14.45	-13.55	-0.920644625933528	0	6150,50	150	33
-13.45	-12.55	-1.01192295933965	0	6150,50	151	33
-12.45	-11.55	-0.668646547582653	0	6150,50	152	33
-11.45	-10.55	-1.1831244267808	0	6150,50	153	33
-10.45	-9.55	-2.05529108616849	0	6150,50	154	33
-8.45	-7.55	-1.45215530418832	0	6150,50	156	34
-7.45	-6.55	-1.21238590208324	0	6150,50	157	34
-6.45	-5.55	-4.59885574529414	0	6150,50	158	34
-5.45	-4.55	-0.40704022361008	0	6150,50	159	34
-4.45	-3.55	-3.17203127047211	0	6150,50	160	34
-3.45	-2.55	-1.3582565401581	0	6150,50	161	34
-2.45	-1.55	-1.11630344586627	0	6150,50	162	34
-0.45	0.45	-1.0001310215312	0	6150,50	164	35
0.55	1.45	-0.155915622133904	0	6150,50	165	35
2.55	3.45	-0.115735685897716	0	6150,50	167	36
3.55	4.45	-0.131458269642311	0	6150,50	168	36
-44.45	-43.55	-2.49333973883041	0	6150,100	169	36
-43.45	-42.55	-2.0203520111805	0	6150,100	170	36
-42.45	-41.55	-1.13814036773376	0	6150,100	171	36
-41.45	-40.55	-0.354194872690746	0	6150,100	172	36
-40.45	-39.55	-1.21151242520854	0	6150,100	173	36
-39.45	-38.55	-0.104380486526619	0	6150,100	174	36
-38.45	-37.55	-0.218805957112285	0	6150,100	175	36
-34.45	-33.55	-4.35253526662882	0	6150,100	179	39
-33.45	-32.55	-0.940734594051623	0	6150,100	180	39
-32.45	-31.55	-0.574311045115081	0	6150,100	181	39
-31.45	-30.55	-0.0502249202952352	0	6150,100	182	39
-30.45	-29.55	-0.0218369218674936	0	6150,100	183	39
-25.45	-24.55	-2.69511289688606	0	6150,100	188	43
-24.45	-23.55	-0.0296982137397912	0	6150,100	189	43
-23.45	-22.55	-0.651613748526008	0	6150,100	190	43
-22.45	-21.55	-0.463816220465563	0	6150,100	191	43
-20.45	-19.55	-1.70983098222475	0	6150,100	193	44
-19.45	-18.55	-1.79936236188147	0	6150,100	194	44
-18.45	-17.55	-1.81421146875136	0	6150,100	195	44
-17.45	-16.55	-0.420142376730576	0	6150,100	196	44
-16.45	-15.55	-0.121413285583264	0	6150,100	197	44
-15.45	-14.55	-0.627593134471765	0	6150,100	198	44
-14.45	-13.55	-0.920644625933528	0	6150,100	199	44
-13.45	-12.55	-1.01192295933965	0	6150,100	200	44
-12.45	-11.55	-0.668646547582653	0	6150,100	201	44
-11.45	-10.55	-1.1831244267808	0	6150,100	202	44
-10.45	-9.55	-2.05529108616849	0	6150,100	203	44
-8.45	-7.55	-1.45215530418832	0	6150,100	205	45
-7.45	-6.55	-1.21238590208324	0	6150,100	206	45
-6.45	-5.55	-4.59885574529414	0	6150,100	207	45
-5.45	-4.55	-0.40704022361008	0	6150,100	208	45
-4.45	-3.55	-3.17203127047211	0	6150,100	209	45
-3.45	-2.55	-1.3582565401581	0	6150,100	210	45
-2.45	-1.55	-1.11630344586627	0	6150,100	211	45
-0.45	0.45	-1.0001310215312	0	6150,100	213	46
0.55	1.45	-0.155915622133904	0	6150,100	214	46
2.55	3.45	-0.115735685897716	0	6150,100	216	47
3.55	4.45	-0.131458269642311	0	6150,100	217	47
-45.45	-44.55	-0.343276411756999	0	6200,100	218	47
-44.45	-43.55	-0.434118006725772	0	6200,100	219	47
-43.45	-42.55	-0.110058086212168	0	6200,100	220	47
-40.45	-39.55	-1.83954229811766	0	6200,100	223	49
-39.45	-38.55	-0.3380355505088	0	6200,100	224	49
-38.45	-37.55	-0.806219155347862	0	6200,100	225	49
-37.45	-36.55	-0.167270821505001	0	6200,100	226	49
-36.45	-35.55	-0.392627855177534	0	6200,100	227	49
-35.45	-34.55	-0.707079530069442	0	6200,100	228	49
-34.45	-33.55	-1.06127440276019	0	6200,100	229	49
-33.45	-32.55	-1.50325370135826	0	6200,100	230	49
-32.45	-31.55	-1.6919247062934	0	6200,100	231	49
-31.45	-30.55	-1.62947110975237	0	6200,100	232	49
-30.45	-29.55	-2.63658994628117	0	6200,100	233	49
-29.45	-28.55	-2.27103987421933	0	6200,100	234	49
-28.45	-27.55	-1.05166615713849	0	6200,100	235	49
-27.45	-26.55	-0.668209809145303	0	6200,100	236	49
-26.45	-25.55	-2.89470236275495	0	6200,100	237	49
-25.45	-24.55	-0.259422631785824	0	6200,100	238	49
-24.45	-23.55	-0.877844259073241	0	6200,100	239	49
-23.45	-22.55	-0.633707472594663	0	6200,100	240	49
-22.45	-21.55	-0.451150805782417	0	6200,100	241	49
-21.45	-20.55	-0.265536969908722	0	6200,100	242	49
-20.45	-19.55	-1.00362492903	0	6200,100	243	49
-19.45	-18.55	-0.137572607765209	0	6200,100	244	49
-18.45	-17.55	-1.66572040005241	0	6200,100	245	49
-17.45	-16.55	-1.57706249727038	0	6200,100	246	49
-16.45	-15.55	-1.46918810324497	0	6200,100	247	49
-15.45	-14.55	-2.55055247412325	0	6200,100	248	49
-14.45	-13.55	-1.93300432371053	0	6200,100	249	49
-13.45	-12.55	-0.0856007337205748	0	6200,100	250	49
-12.45	-11.55	-0.761671834738175	0	6200,100	251	49
-11.45	-10.55	-1.44211032012927	0	6200,100	252	49
-10.45	-9.55	-1.17133248897235	0	6200,100	253	49
-9.45	-8.55	-0.0821068262217758	0	6200,100	254	49
-8.45	-7.55	-0.209197711490588	0	6200,100	255	49
-7.45	-6.55	-1.21020220989649	0	6200,100	256	49
-6.45	-5.55	-1.20190417958685	0	6200,100	257	49
-5.45	-4.55	-1.50936803948115	0	6200,100	258	49
-4.45	-3.55	-4.03502642267546	0	6200,100	259	49
-3.45	-2.55	-1.56483382102459	0	6200,100	260	49
-2.45	-1.55	-1.01104948246495	0	6200,100	261	49
-1.45	-0.55	-0.459448836092065	0	6200,100	262	49
-0.45	0.45	-0.191291435559244	0	6200,100	263	49
1.55	2.45	-0.0296982137397912	0	6200,100	265	50
2.55	3.45	-2.00244573524916	0	6200,100	266	50
3.55	4.45	-0.703148884133293	0	6200,100	267	50
4.55	5.45	-1.21850024020614	0	6200,100	268	50
-44.45	-43.55	-2.49333973883041	0	6150,0	269	50
-43.45	-42.55	-2.0203520111805	0	6150,0	270	50
-42.45	-41.55	-1.13814036773376	0	6150,0	271	50
-41.45	-40.55	-0.354194872690746	0	6150,0	272	50
-40.45	-39.55	-1.21151242520854	0	6150,0	273	50
-39.45	-38.55	-0.104380486526619	0	6150,0	274	50
-38.45	-37.55	-0.218805957112285	0	6150,0	275	50
-34.45	-33.55	-4.35253526662882	0	6150,0	279	53
-33.45	-32.55	-0.940734594051623	0	6150,0	280	53
-32.45	-31.55	-0.574311045115081	0	6150,0	281	53
-31.45	-30.55	-0.0502249202952352	0	6150,0	282	53
-30.45	-29.55	-0.0218369218674936	0	6150,0	283	53
-25.45	-24.55	-2.69511289688606	0	6150,0	288	57
-24.45	-23.55	-0.0296982137397912	0	6150,0	289	57
-23.45	-22.55	-0.651613748526008	0	6150,0	290	57
-22.45	-21.55	-0.463816220465563	0	6150,0	291	57
-20.45	-19.55	-1.70983098222475	0	6150,0	293	58
-19.45	-18.55	-1.79936236188147	0	6150,0	294	58
-18.45	-17.55	-1.81421146875136	0	6150,0	295	58
-17.45	-16.55	-0.420142376730576	0	6150,0	296	58
-16.45	-15.55	-0.121413285583264	0	6150,0	297	58
-15.45	-14.55	-0.627593134471765	0	6150,0	298	58
-14.45	-13.55	-0.920644625933528	0	6150,0	299	58
-13.45	-12.55	-1.01192295933965	0	6150,0	300	58
-12.45	-11.55	-0.668646547582653	0	6150,0	301	58
-11.45	-10.55	-1.1831244267808	0	6150,0	302	58
-10.45	-9.55	-2.05529108616849	0	6150,0	303	58
-8.45	-7.55	-1.45215530418832	0	6150,0	305	59
-7.45	-6.55	-1.21238590208324	0	6150,0	306	59
-6.45	-5.55	-4.59885574529414	0	6150,0	307	59
-5.45	-4.55	-0.40704022361008	0	6150,0	308	59
-4.45	-3.55	-3.17203127047211	0	6150,0	309	59
-3.45	-2.55	-1.3582565401581	0	6150,0	310	59
-2.45	-1.55	-1.11630344586627	0	6150,0	311	59
-0.45	0.45	-1.0001310215312	0	6150,0	313	60
0.55	1.45	-0.155915622133904	0	6150,0	314	60
2.55	3.45	-0.115735685897716	0	6150,0	316	61
3.55	4.45	-0.131458269642311	0	6150,0	317	61
-45.45	-44.55	-0.343276411756999	0	6200,50	318	61
-44.45	-43.55	-0.434118006725772	0	6200,50	319	61
-43.45	-42.55	-0.110058086212168	0	6200,50	320	61
-40.45	-39.55	-1.83954229811766	0	6200,50	323	63
-39.45	-38.55	-0.3380355505088	0	6200,50	324	63
-38.45	-37.55	-0.806219155347862	0	6200,50	325	63
-37.45	-36.55	-0.167270821505001	0	6200,50	326	63
-36.45	-35.55	-0.392627855177534	0	6200,50	327	63
-35.45	-34.55	-0.707079530069442	0	6200,50	328	63
-34.45	-33.55	-1.06127440276019	0	6200,50	329	63
-33.45	-32.55	-1.50325370135826	0	6200,50	330	63
-32.45	-31.55	-1.6919247062934	0	6200,50	331	63
-31.45	-30.55	-1.62947110975237	0	6200,50	332	63
-30.45	-29.55	-2.63658994628117	0	6200,50	333	63
-29.45	-28.55	-2.27103987421933	0	6200,50	334	63
-28.45	-27.55	-1.05166615713849	0	6200,50	335	63
-27.45	-26.55	-0.668209809145303	0	6200,50	336	63
-26.45	-25.55	-2.89470236275495	0	6200,50	337	63
-25.45	-24.55	-0.259422631785824	0	6200,50	338	63
-24.45	-23.55	-0.877844259073241	0	6200,50	339	63
-23.45	-22.55	-0.633707472594663	0	6200,50	340	63
-22.45	-21.55	-0.451150805782417	0	6200,50	341	63
-21.45	-20.55	-0.265536969908722	0	6200,50	342	63
-20.45	-19.55	-1.00362492903	0	6200,50	343	63
-19.45	-18.55	-0.137572607765209	0	6200,50	344	63
-18.45	-17.55	-1.66572040005241	0	6200,50	345	63
-17.45	-16.55	-1.57706249727038	0	6200,50	346	63
-16.45	-15.55	-1.46918810324497	0	6200,50	347	63
-15.45	-14.55	-2.55055247412325	0	6200,50	348	63
-14.45	-13.55	-1.93300432371053	0	6200,50	349	63
-13.45	-12.55	-0.0856007337205748	0	6200,50	350	63
-12.45	-11.55	-0.761671834738175	0	6200,50	351	63
-11.45	-10.55	-1.44211032012927	0	6200,50	352	63
-10.45	-9.55	-1.17133248897235	0	6200,50	353	63
-9.45	-8.55	-0.0821068262217758	0	6200,50	354	63
-8.45	-7.55	-0.209197711490588	0	6200,50	355	63
-7.45	-6.55	-1.21020220989649	0	6200,50	356	63
-6.45	-5.55	-1.20190417958685	0	6200,50	357	63
-5.45	-4.55	-1.50936803948115	0	6200,50	358	63
-4.45	-3.55	-4.03502642267546	0	6200,50	359	63
-3.45	-2.55	-1.56483382102459	0	6200,50	360	63
-2.45	-1.55	-1.01104948246495	0	6200,50	361	63
-1.45	-0.55	-0.459448836092065	0	6200,50	362	63
-0.45	0.45	-0.191291435559244	0	6200,50	363	63
1.55	2.45	-0.0296982137397912	0	6200,50	365	64
2.55	3.45	-2.00244573524916	0	6200,50	366	64
3.55	4.45	-0.703148884133293	0	6200,50	367	64
4.55	5.45	-1.21850024020614	0	6200,50	368	64
-44.45	-43.55	-1.20103070271215	0	6250,100	369	64
-43.45	-42.55	-2.49421321570511	0	6250,100	370	64
-42.45	-41.55	-0.30528016770756	0	6250,100	371	64
-41.45	-40.55	-1.27745992924837	0	6250,100	372	64
-40.45	-39.55	-1.94086561558283	0	6250,100	373	64
-39.45	-38.55	-5.17185657509717	0	6250,100	374	64
-38.45	-37.55	-0.600515351356073	0	6250,100	375	64
-37.45	-36.55	-0.999694283093855	0	6250,100	376	64
-36.45	-35.55	-1.08005415556623	0	6250,100	377	64
-35.45	-34.55	-1.16216098178801	0	6250,100	378	64
-34.45	-33.55	-0.163340175568852	0	6250,100	379	64
-33.45	-32.55	-2.59946717910643	0	6250,100	380	64
-32.45	-31.55	-0.970869546228764	0	6250,100	381	64
-27.45	-26.55	-0.263790016159322	0	6250,100	386	68
-26.45	-25.55	-1.28881512861947	0	6250,100	387	68
-25.45	-24.55	-2.94973140586103	0	6250,100	388	68
-24.45	-23.55	-3.05061798488885	0	6250,100	389	68
-23.45	-22.55	-1.866183342796	0	6250,100	390	68
-22.45	-21.55	-5.79289863300869	0	6250,100	391	68
-21.45	-20.55	-3.44673974756518	0	6250,100	392	68
-20.45	-19.55	-1.67139799973796	0	6250,100	393	68
-19.45	-18.55	-1.73559855002839	0	6250,100	394	68
-18.45	-17.55	-2.22649255360964	0	6250,100	395	68
-17.45	-16.55	-2.27191335109403	0	6250,100	396	68
-16.45	-15.55	-5.82609075424728	0	6250,100	397	68
-15.45	-14.55	-3.13097785736123	0	6250,100	398	68
-14.45	-13.55	-1.0027514521553	0	6250,100	399	68
-13.45	-12.55	-2.71170895750535	0	6250,100	400	68
-12.45	-11.55	-0.438922129536621	0	6250,100	401	68
-11.45	-10.55	-0.896624011879286	0	6250,100	402	68
-10.45	-9.55	-2.88946150150675	0	6250,100	403	68
-9.45	-8.55	-5.19413023540202	0	6250,100	404	68
-8.45	-7.55	-3.95204611957898	0	6250,100	405	68
-7.45	-6.55	-1.12023409180242	0	6250,100	406	68
-6.45	-5.55	-4.93558108049089	0	6250,100	407	68
-5.45	-4.55	-4.72944053806176	0	6250,100	408	68
-4.45	-3.55	-4.25601607197449	0	6250,100	409	68
-3.45	-2.55	-1.57662575883303	0	6250,100	410	68
-2.45	-1.55	-9.52788574922479	0	6250,100	411	68
-1.45	-0.55	-6.41656112154431	0	6250,100	412	68
-0.45	0.45	-1.58929117351618	0	6250,100	413	68
0.55	1.45	-3.17945582390706	0	6250,100	414	68
1.55	2.45	-3.30523649386383	0	6250,100	415	68
2.55	3.45	-3.54020177315806	0	6250,100	416	68
3.55	4.45	-3.87998427741626	0	6250,100	417	68
-45.45	-44.55	-0.343276411756999	0	6200,0	418	68
-44.45	-43.55	-0.434118006725772	0	6200,0	419	68
-43.45	-42.55	-0.110058086212168	0	6200,0	420	68
-40.45	-39.55	-1.83954229811766	0	6200,0	423	70
-39.45	-38.55	-0.3380355505088	0	6200,0	424	70
-38.45	-37.55	-0.806219155347862	0	6200,0	425	70
-37.45	-36.55	-0.167270821505001	0	6200,0	426	70
-36.45	-35.55	-0.392627855177534	0	6200,0	427	70
-35.45	-34.55	-0.707079530069442	0	6200,0	428	70
-34.45	-33.55	-1.06127440276019	0	6200,0	429	70
-33.45	-32.55	-1.50325370135826	0	6200,0	430	70
-32.45	-31.55	-1.6919247062934	0	6200,0	431	70
-31.45	-30.55	-1.62947110975237	0	6200,0	432	70
-30.45	-29.55	-2.63658994628117	0	6200,0	433	70
-29.45	-28.55	-2.27103987421933	0	6200,0	434	70
-28.45	-27.55	-1.05166615713849	0	6200,0	435	70
-27.45	-26.55	-0.668209809145303	0	6200,0	436	70
-26.45	-25.55	-2.89470236275495	0	6200,0	437	70
-25.45	-24.55	-0.259422631785824	0	6200,0	438	70
-24.45	-23.55	-0.877844259073241	0	6200,0	439	70
-23.45	-22.55	-0.633707472594663	0	6200,0	440	70
-22.45	-21.55	-0.451150805782417	0	6200,0	441	70
-21.45	-20.55	-0.265536969908722	0	6200,0	442	70
-20.45	-19.55	-1.00362492903	0	6200,0	443	70
-19.45	-18.55	-0.137572607765209	0	6200,0	444	70
-18.45	-17.55	-1.66572040005241	0	6200,0	445	70
-17.45	-16.55	-1.57706249727038	0	6200,0	446	70
-16.45	-15.55	-1.46918810324497	0	6200,0	447	70
-15.45	-14.55	-2.55055247412325	0	6200,0	448	70
-14.45	-13.55	-1.93300432371053	0	6200,0	449	70
-13.45	-12.55	-0.0856007337205748	0	6200,0	450	70
-12.45	-11.55	-0.761671834738175	0	6200,0	451	70
-11.45	-10.55	-1.44211032012927	0	6200,0	452	70
-10.45	-9.55	-1.17133248897235	0	6200,0	453	70
-9.45	-8.55	-0.0821068262217758	0	6200,0	454	70
-8.45	-7.55	-0.209197711490588	0	6200,0	455	70
-7.45	-6.55	-1.21020220989649	0	6200,0	456	70
-6.45	-5.55	-1.20190417958685	0	6200,0	457	70
-5.45	-4.55	-1.50936803948115	0	6200,0	458	70
-4.45	-3.55	-4.03502642267546	0	6200,0	459	70
-3.45	-2.55	-1.56483382102459	0	6200,0	460	70
-2.45	-1.55	-1.01104948246495	0	6200,0	461	70
-1.45	-0.55	-0.459448836092065	0	6200,0	462	70
-0.45	0.45	-0.191291435559244	0	6200,0	463	70
1.55	2.45	-0.0296982137397912	0	6200,0	465	71
2.55	3.45	-2.00244573524916	0	6200,0	466	71
3.55	4.45	-0.703148884133293	0	6200,0	467	71
4.55	5.45	-1.21850024020614	0	6200,0	468	71
-44.45	-43.55	-1.20103070271215	0	6250,50	469	71
-43.45	-42.55	-2.49421321570511	0	6250,50	470	71
-42.45	-41.55	-0.30528016770756	0	6250,50	471	71
-41.45	-40.55	-1.27745992924837	0	6250,50	472	71
-40.45	-39.55	-1.94086561558283	0	6250,50	473	71
-39.45	-38.55	-5.17185657509717	0	6250,50	474	71
-38.45	-37.55	-0.600515351356073	0	6250,50	475	71
-37.45	-36.55	-0.999694283093855	0	6250,50	476	71
-36.45	-35.55	-1.08005415556623	0	6250,50	477	71
-35.45	-34.55	-1.16216098178801	0	6250,50	478	71
-34.45	-33.55	-0.163340175568852	0	6250,50	479	71
-33.45	-32.55	-2.59946717910643	0	6250,50	480	71
-32.45	-31.55	-0.970869546228764	0	6250,50	481	71
-27.45	-26.55	-0.263790016159322	0	6250,50	486	75
-26.45	-25.55	-1.28881512861947	0	6250,50	487	75
-25.45	-24.55	-2.94973140586103	0	6250,50	488	75
-24.45	-23.55	-3.05061798488885	0	6250,50	489	75
-23.45	-22.55	-1.866183342796	0	6250,50	490	75
-22.45	-21.55	-5.79289863300869	0	6250,50	491	75
-21.45	-20.55	-3.44673974756518	0	6250,50	492	75
-20.45	-19.55	-1.67139799973796	0	6250,50	493	75
-19.45	-18.55	-1.73559855002839	0	6250,50	494	75
-18.45	-17.55	-2.22649255360964	0	6250,50	495	75
-17.45	-16.55	-2.27191335109403	0	6250,50	496	75
-16.45	-15.55	-5.82609075424728	0	6250,50	497	75
-15.45	-14.55	-3.13097785736123	0	6250,50	498	75
-14.45	-13.55	-1.0027514521553	0	6250,50	499	75
-13.45	-12.55	-2.71170895750535	0	6250,50	500	75
-12.45	-11.55	-0.438922129536621	0	6250,50	501	75
-11.45	-10.55	-0.896624011879286	0	6250,50	502	75
-10.45	-9.55	-2.88946150150675	0	6250,50	503	75
-9.45	-8.55	-5.19413023540202	0	6250,50	504	75
-8.45	-7.55	-3.95204611957898	0	6250,50	505	75
-7.45	-6.55	-1.12023409180242	0	6250,50	506	75
-6.45	-5.55	-4.93558108049089	0	6250,50	507	75
-5.45	-4.55	-4.72944053806176	0	6250,50	508	75
-4.45	-3.55	-4.25601607197449	0	6250,50	509	75
-3.45	-2.55	-1.57662575883303	0	6250,50	510	75
-2.45	-1.55	-9.52788574922479	0	6250,50	511	75
-1.45	-0.55	-6.41656112154431	0	6250,50	512	75
-0.45	0.45	-1.58929117351618	0	6250,50	513	75
0.55	1.45	-3.17945582390706	0	6250,50	514	75
1.55	2.45	-3.30523649386383	0	6250,50	515	75
2.55	3.45	-3.54020177315806	0	6250,50	516	75
3.55	4.45	-3.87998427741626	0	6250,50	517	75
-44.45	-43.55	-1.20103070271215	0	6250,0	518	75
-43.45	-42.55	-2.49421321570511	0	6250,0	519	75
-42.45	-41.55	-0.30528016770756	0	6250,0	520	75
-41.45	-40.55	-1.27745992924837	0	6250,0	521	75
-40.45	-39.55	-1.94086561558283	0	6250,0	522	75
-39.45	-38.55	-5.17185657509717	0	6250,0	523	75
-38.45	-37.55	-0.600515351356073	0	6250,0	524	75
-37.45	-36.55	-0.999694283093855	0	6250,0	525	75
-36.45	-35.55	-1.08005415556623	0	6250,0	526	75
-35.45	-34.55	-1.16216098178801	0	6250,0	527	75
-34.45	-33.55	-0.163340175568852	0	6250,0	528	75
-33.45	-32.55	-2.59946717910643	0	6250,0	529	75
-32.45	-31.55	-0.970869546228764	0	6250,0	530	75
-27.45	-26.55	-0.263790016159322	0	6250,0	535	79
-26.45	-25.55	-1.28881512861947	0	6250,0	536	79
-25.45	-24.55	-2.94973140586103	0	6250,0	537	79
-24.45	-23.55	-3.05061798488885	0	6250,0	538	79
-23.45	-22.55	-1.866183342796	0	6250,0	539	79
-22.45	-21.55	-5.79289863300869	0	6250,0	540	79
-21.45	-20.55	-3.44673974756518	0	6250,0	541	79
-20.45	-19.55	-1.67139799973796	0	6250,0	542	79
-19.45	-18.55	-1.73559855002839	0	6250,0	543	79
-18.45	-17.55	-2.22649255360964	0	6250,0	544	79
-17.45	-16.55	-2.27191335109403	0	6250,0	545	79
-16.45	-15.55	-5.82609075424728	0	6250,0	546	79
-15.45	-14.55	-3.13097785736123	0	6250,0	547	79
-14.45	-13.55	-1.0027514521553	0	6250,0	548	79
-13.45	-12.55	-2.71170895750535	0	6250,0	549	79
-12.45	-11.55	-0.438922129536621	0	6250,0	550	79
-11.45	-10.55	-0.896624011879286	0	6250,0	551	79
-10.45	-9.55	-2.88946150150675	0	6250,0	552	79
-9.45	-8.55	-5.19413023540202	0	6250,0	553	79
-8.45	-7.55	-3.95204611957898	0	6250,0	554	79
-7.45	-6.55	-1.12023409180242	0	6250,0	555	79
-6.45	-5.55	-4.93558108049089	0	6250,0	556	79
-5.45	-4.55	-4.72944053806176	0	6250,0	557	79
-4.45	-3.55	-4.25601607197449	0	6250,0	558	79
-3.45	-2.55	-1.57662575883303	0	6250,0	559	79
-2.45	-1.55	-9.52788574922479	0	6250,0	560	79
-1.45	-0.55	-6.41656112154431	0	6250,0	561	79
-0.45	0.45	-1.58929117351618	0	6250,0	562	79
0.55	1.45	-3.17945582390706	0	6250,0	563	79
1.55	2.45	-3.30523649386383	0	6250,0	564	79
2.55	3.45	-3.54020177315806	0	6250,0	565	79
3.55	4.45	-3.87998427741626	0	6250,0	566	79
-45.45	-44.55	-6.44232868934795	0	6300,50	567	79
-44.45	-43.55	-3.09210813643709	0	6300,50	568	79
-43.45	-42.55	-3.37031052102896	0	6300,50	569	79
-42.45	-41.55	-2.5571035506835	0	6300,50	570	79
-41.45	-40.55	-2.96632746648033	0	6300,50	571	79
-40.45	-39.55	-5.30069441411539	0	6300,50	572	79
-39.45	-38.55	-1.3434074332882	0	6300,50	573	79
-38.45	-37.55	-2.92003319212124	0	6300,50	574	79
-37.45	-36.55	-0.257238939599074	0	6300,50	575	79
-29.45	-28.55	-0.0602699043542822	0	6300,50	583	86
-28.45	-27.55	0	0	6300,50	584	86
-26.45	-25.55	-1.08442153993973	0	6300,50	586	87
-17.45	-16.55	-0.151111499323055	0	6300,50	595	95
-16.45	-15.55	-0.0196532296807442	0	6300,50	596	95
-15.45	-14.55	-0.0659475040398305	0	6300,50	597	95
-14.45	-13.55	-0.192164912433943	0	6300,50	598	95
-13.45	-12.55	-0.717561252565838	0	6300,50	599	95
-12.45	-11.55	-3.65899462811722	0	6300,50	600	95
-11.45	-10.55	-1.08354806306503	0	6300,50	601	95
-10.45	-9.55	-2.74621129405599	0	6300,50	602	95
-9.45	-8.55	-2.7296152334367	0	6300,50	603	95
-8.45	-7.55	-2.95409879023453	0	6300,50	604	95
-7.45	-6.55	-0.957330654670918	0	6300,50	605	95
-6.45	-5.55	-0.396121762676333	0	6300,50	606	95
-4.45	-3.55	-0.121413285583264	0	6300,50	608	96
-3.45	-2.55	-0.0117919378084465	0	6300,50	609	96
-2.45	-1.55	-1.31807660392191	0	6300,50	610	96
-1.45	-0.55	-3.11132462768048	0	6300,50	611	96
-0.45	0.45	-1.25562300738088	0	6300,50	612	96
0.55	1.45	-0.464252958902913	0	6300,50	613	96
1.55	2.45	-0.675634362580251	0	6300,50	614	96
2.55	3.45	-0.289994322400314	0	6300,50	615	96
3.55	4.45	-3.81185308118968	0	6300,50	616	96
4.55	5.45	-3.32619993885662	0	6300,50	617	96
-45.45	-44.55	-6.44232868934795	0	6300,0	618	96
-44.45	-43.55	-3.09210813643709	0	6300,0	619	96
-43.45	-42.55	-3.37031052102896	0	6300,0	620	96
-42.45	-41.55	-2.5571035506835	0	6300,0	621	96
-41.45	-40.55	-2.96632746648033	0	6300,0	622	96
-40.45	-39.55	-5.30069441411539	0	6300,0	623	96
-39.45	-38.55	-1.3434074332882	0	6300,0	624	96
-38.45	-37.55	-2.92003319212124	0	6300,0	625	96
-37.45	-36.55	-0.257238939599074	0	6300,0	626	96
-29.45	-28.55	-0.0602699043542822	0	6300,0	634	103
-28.45	-27.55	0	0	6300,0	635	103
-26.45	-25.55	-1.08442153993973	0	6300,0	637	104
-17.45	-16.55	-0.151111499323055	0	6300,0	646	112
-16.45	-15.55	-0.0196532296807442	0	6300,0	647	112
-15.45	-14.55	-0.0659475040398305	0	6300,0	648	112
-14.45	-13.55	-0.192164912433943	0	6300,0	649	112
-13.45	-12.55	-0.717561252565838	0	6300,0	650	112
-12.45	-11.55	-3.65899462811722	0	6300,0	651	112
-11.45	-10.55	-1.08354806306503	0	6300,0	652	112
-10.45	-9.55	-2.74621129405599	0	6300,0	653	112
-9.45	-8.55	-2.7296152334367	0	6300,0	654	112
-8.45	-7.55	-2.95409879023453	0	6300,0	655	112
-7.45	-6.55	-0.957330654670918	0	6300,0	656	112
-6.45	-5.55	-0.396121762676333	0	6300,0	657	112
-4.45	-3.55	-0.121413285583264	0	6300,0	659	113
-3.45	-2.55	-0.0117919378084465	0	6300,0	660	113
-2.45	-1.55	-1.31807660392191	0	6300,0	661	113
-1.45	-0.55	-3.11132462768048	0	6300,0	662	113
-0.45	0.45	-1.25562300738088	0	6300,0	663	113
0.55	1.45	-0.464252958902913	0	6300,0	664	113
1.55	2.45	-0.675634362580251	0	6300,0	665	113
2.55	3.45	-0.289994322400314	0	6300,0	666	113
3.55	4.45	-3.81185308118968	0	6300,0	667	113
4.55	5.45	-3.32619993885662	0	6300,0	668	113
-44.45	-43.55	-0.401799362361882	0	6350,0	669	113
-43.45	-42.55	-2.26536227453378	0	6350,0	670	113
-42.45	-41.55	-2.00899681180941	0	6350,0	671	113
-41.45	-40.55	-1.92252260121413	0	6350,0	672	113
-40.45	-39.55	-4.36913132724811	0	6350,0	673	113
-39.45	-38.55	-2.08105865397214	0	6350,0	674	113
-38.45	-37.55	-1.2032143948989	0	6350,0	675	113
-37.45	-36.55	-0.421015853605276	0	6350,0	676	113
-36.45	-35.55	-0.470804035463161	0	6350,0	677	113
-35.45	-34.55	-0.33759881207145	0	6350,0	678	113
-34.45	-33.55	-1.07525003275538	0	6350,0	679	113
-33.45	-32.55	-2.17888806393851	0	6350,0	680	113
-31.45	-30.55	-3.17858234703236	0	6350,0	682	114
-30.45	-29.55	-2.03563785648775	0	6350,0	683	114
-29.45	-28.55	-0.0345023365506398	0	6350,0	684	114
-28.45	-27.55	-0.400489147049832	0	6350,0	685	114
-26.45	-25.55	-1.81246451500197	0	6350,0	687	115
-25.45	-24.55	-1.59977289601258	0	6350,0	688	115
-24.45	-23.55	-1.81595842250076	0	6350,0	689	115
-23.45	-22.55	-3.72319517840765	0	6350,0	690	115
-22.45	-21.55	-1.78494999344892	0	6350,0	691	115
-21.45	-20.55	-0.545923046687339	0	6350,0	692	115
