group	x	y	showSelected1
1	6030	24	651
1	6030	24	317
1	6030	24	128
1	6030	24	169
1	6030	24	65
1	6030	24	358
1	6030	24	687
1	6030	24	294
1	6030	24	290
1	6030	24	306
1	6030	24	692
1	6030	24	249
1	6030	24	574
1	6030	24	286
1	6030	24	416
1	6030	24	587
2	6080	24	358
2	6080	24	178
2	6080	24	40
2	6080	24	47
2	6080	24	65
2	6080	24	518
2	6080	24	254
2	6080	24	314
2	6080	24	625
2	6080	24	427
2	6080	24	357
2	6080	24	497
2	6080	24	161
2	6080	24	501
2	6080	24	321
2	6080	24	671
2	6080	24	353
2	6080	24	458
2	6080	24	392
2	6080	24	71
2	6080	24	536
2	6080	24	5
2	6080	24	347
2	6080	24	500
2	6080	24	172
2	6080	24	423
2	6080	24	291
2	6080	24	580
2	6080	24	483
2	6080	24	659
2	6080	24	748
2	6080	24	504
2	6080	24	681
2	6080	24	23
2	6080	24	675
2	6080	24	714
2	6080	24	716
2	6080	24	61
2	6080	24	583
2	6080	24	626
2	6080	24	593
2	6080	24	432
2	6080	24	142
2	6080	24	43
2	6080	24	594
2	6080	24	414
2	6080	24	127
2	6080	24	340
2	6080	24	538
2	6080	24	482
2	6080	24	384
2	6080	24	549
2	6080	24	563
2	6080	24	449
2	6080	24	223
2	6080	24	175
2	6080	24	311
2	6080	24	229
2	6080	24	292
2	6080	24	606
2	6080	24	420
2	6080	24	86
2	6080	24	81
2	6080	24	75
2	6080	24	422
2	6080	24	679
2	6080	24	399
2	6080	24	212
2	6080	24	713
2	6080	24	608
2	6080	24	711
2	6080	24	191
2	6080	24	198
2	6080	24	164
2	6080	24	151
2	6080	24	628
2	6080	24	262
2	6080	24	256
2	6080	24	13
2	6080	24	431
2	6080	24	685
2	6080	24	656
2	6080	24	440
2	6080	24	618
2	6080	24	26
2	6080	24	245
2	6080	24	232
2	6080	24	322
2	6080	24	36
2	6080	24	27
2	6080	24	677
2	6080	24	493
2	6080	24	751
2	6080	24	433
2	6080	24	680
2	6080	24	682
2	6080	24	534
2	6080	24	53
2	6080	24	77
2	6080	24	394
2	6080	24	568
3	6080	74	47
3	6080	74	57
3	6080	74	246
3	6080	74	30
3	6080	74	76
3	6080	74	434
3	6080	74	743
3	6080	74	5
3	6080	74	72
3	6080	74	510
3	6080	74	640
3	6080	74	593
3	6080	74	43
3	6080	74	252
6	6130	74	57
6	6130	74	52
6	6130	74	250
6	6130	74	2
6	6130	74	436
6	6130	74	30
6	6130	74	115
6	6130	74	220
6	6130	74	690
6	6130	74	237
6	6130	74	373
6	6130	74	183
6	6130	74	4
6	6130	74	8
6	6130	74	355
6	6130	74	74
6	6130	74	344
6	6130	74	101
6	6130	74	221
6	6130	74	225
6	6130	74	528
6	6130	74	527
6	6130	74	561
6	6130	74	526
6	6130	74	554
6	6130	74	206
6	6130	74	87
6	6130	74	5
6	6130	74	442
6	6130	74	457
6	6130	74	676
6	6130	74	43
6	6130	74	31
6	6130	74	443
6	6130	74	106
6	6130	74	252
6	6130	74	451
6	6130	74	592
6	6130	74	407
6	6130	74	371
6	6130	74	204
6	6130	74	736
6	6130	74	268
6	6130	74	718
6	6130	74	103
6	6130	74	535
6	6130	74	162
6	6130	74	421
6	6130	74	222
6	6130	74	617
6	6130	74	280
6	6130	74	712
6	6130	74	479
6	6130	74	158
6	6130	74	123
6	6130	74	635
6	6130	74	525
6	6130	74	533
6	6130	74	208
6	6130	74	242
6	6130	74	267
6	6130	74	719
6	6130	74	663
6	6130	74	417
6	6130	74	170
6	6130	74	20
6	6130	74	582
6	6130	74	579
6	6130	74	439
6	6130	74	689
6	6130	74	44
6	6130	74	609
6	6130	74	627
6	6130	74	104
6	6130	74	97
6	6130	74	664
6	6130	74	346
6	6130	74	637
6	6130	74	326
6	6130	74	277
6	6130	74	654
6	6130	74	721
5	6130	124	2
5	6130	124	684
5	6130	124	115
5	6130	124	153
5	6130	124	752
5	6130	124	180
5	6130	124	494
5	6130	124	225
5	6130	124	106
8	6180	124	115
8	6180	124	180
8	6180	124	470
8	6180	124	42
8	6180	124	49
8	6180	124	35
8	6180	124	113
8	6180	124	213
8	6180	124	452
8	6180	124	744
8	6180	124	612
8	6180	124	581
8	6180	124	658
8	6180	124	225
8	6180	124	122
8	6180	124	668
8	6180	124	456
8	6180	124	424
8	6180	124	34
8	6180	124	413
8	6180	124	67
8	6180	124	724
8	6180	124	263
8	6180	124	48
8	6180	124	363
8	6180	124	29
8	6180	124	489
8	6180	124	506
8	6180	124	106
8	6180	124	166
8	6180	124	477
8	6180	124	93
8	6180	124	657
8	6180	124	400
8	6180	124	141
8	6180	124	476
8	6180	124	499
8	6180	124	704
8	6180	124	571
8	6180	124	615
8	6180	124	329
8	6180	124	570
8	6180	124	553
8	6180	124	557
8	6180	124	511
8	6180	124	531
8	6180	124	239
8	6180	124	6
8	6180	124	567
8	6180	124	486
8	6180	124	739
8	6180	124	604
8	6180	124	274
8	6180	124	386
8	6180	124	750
8	6180	124	473
8	6180	124	377
8	6180	124	354
8	6180	124	465
8	6180	124	41
8	6180	124	333
8	6180	124	171
8	6180	124	662
8	6180	124	94
8	6180	124	341
8	6180	124	381
8	6180	124	383
8	6180	124	468
8	6180	124	38
8	6180	124	385
8	6180	124	269
8	6180	124	310
8	6180	124	529
8	6180	124	369
8	6180	124	512
8	6180	124	698
8	6180	124	610
8	6180	124	672
8	6180	124	709
8	6180	124	21
8	6180	124	12
8	6180	124	284
8	6180	124	55
8	6180	124	285
8	6180	124	590
8	6180	124	503
8	6180	124	3
4	6130	24	43
4	6130	24	252
4	6130	24	384
4	6130	24	4
4	6130	24	289
4	6130	24	81
4	6130	24	357
4	6130	24	253
4	6130	24	58
4	6130	24	256
4	6130	24	174
4	6130	24	156
4	6130	24	175
4	6130	24	44
4	6130	24	208
4	6130	24	601
4	6130	24	343
4	6130	24	217
4	6130	24	664
4	6130	24	665
4	6130	24	20
4	6130	24	27
4	6130	24	586
4	6130	24	119
4	6130	24	435
4	6130	24	674
4	6130	24	77
4	6130	24	324
4	6130	24	97
4	6130	24	645
4	6130	24	19
4	6130	24	471
4	6130	24	209
4	6130	24	450
4	6130	24	278
4	6130	24	185
4	6130	24	595
4	6130	24	559
4	6130	24	168
4	6130	24	368
4	6130	24	186
4	6130	24	747
4	6130	24	342
4	6130	24	409
4	6130	24	25
4	6130	24	80
4	6130	24	203
4	6130	24	155
4	6130	24	129
4	6130	24	173
4	6130	24	160
4	6130	24	707
4	6130	24	83
4	6130	24	188
4	6130	24	740
4	6130	24	644
4	6130	24	448
4	6130	24	139
4	6130	24	480
4	6130	24	396
4	6130	24	107
4	6130	24	733
4	6130	24	741
4	6130	24	745
4	6130	24	121
4	6130	24	272
9	6180	74	225
9	6180	74	106
9	6180	74	617
9	6180	74	307
9	6180	74	17
9	6180	74	42
9	6180	74	613
9	6180	74	2
9	6180	74	103
9	6180	74	242
9	6180	74	632
9	6180	74	418
9	6180	74	335
9	6180	74	6
9	6180	74	749
9	6180	74	200
9	6180	74	104
9	6180	74	21
9	6180	74	730
9	6180	74	556
9	6180	74	196
9	6180	74	228
9	6180	74	197
9	6180	74	163
9	6180	74	284
9	6180	74	401
9	6180	74	19
9	6180	74	4
9	6180	74	248
9	6180	74	648
9	6180	74	55
9	6180	74	224
9	6180	74	190
9	6180	74	326
9	6180	74	542
9	6180	74	275
9	6180	74	607
9	6180	74	277
9	6180	74	686
9	6180	74	66
9	6180	74	3
9	6180	74	12
9	6180	74	445
9	6180	74	517
9	6180	74	438
9	6180	74	276
9	6180	74	120
9	6180	74	509
9	6180	74	110
9	6180	74	91
9	6180	74	334
9	6180	74	131
9	6180	74	516
9	6180	74	441
9	6180	74	279
9	6180	74	428
9	6180	74	572
9	6180	74	60
9	6180	74	496
9	6180	74	616
9	6180	74	303
9	6180	74	184
9	6180	74	646
9	6180	74	630
9	6180	74	135
9	6180	74	255
9	6180	74	391
9	6180	74	695
9	6180	74	195
9	6180	74	481
9	6180	74	374
9	6180	74	591
9	6180	74	64
9	6180	74	32
9	6180	74	544
9	6180	74	205
9	6180	74	660
9	6180	74	702
9	6180	74	389
9	6180	74	130
11	6230	124	38
11	6230	124	21
11	6230	124	12
11	6230	124	201
11	6230	124	3
11	6230	124	293
11	6230	124	308
11	6230	124	10
11	6230	124	735
11	6230	124	366
7	6180	24	4
7	6180	24	19
7	6180	24	25
7	6180	24	118
7	6180	24	595
7	6180	24	620
7	6180	24	90
7	6180	24	537
7	6180	24	91
7	6180	24	83
7	6180	24	577
7	6180	24	160
7	6180	24	564
7	6180	24	44
7	6180	24	247
7	6180	24	330
7	6180	24	181
7	6180	24	405
7	6180	24	701
7	6180	24	391
7	6180	24	84
7	6180	24	112
7	6180	24	131
7	6180	24	62
7	6180	24	64
7	6180	24	240
7	6180	24	15
7	6180	24	710
7	6180	24	746
7	6180	24	703
7	6180	24	667
7	6180	24	408
7	6180	24	147
7	6180	24	560
7	6180	24	666
7	6180	24	365
7	6180	24	551
7	6180	24	351
7	6180	24	699
7	6180	24	259
7	6180	24	230
7	6180	24	337
7	6180	24	655
7	6180	24	596
7	6180	24	569
7	6180	24	444
7	6180	24	521
7	6180	24	573
7	6180	24	205
7	6180	24	546
7	6180	24	302
7	6180	24	70
7	6180	24	454
7	6180	24	389
7	6180	24	150
7	6180	24	720
7	6180	24	215
7	6180	24	54
7	6180	24	547
7	6180	24	325
7	6180	24	566
7	6180	24	519
7	6180	24	287
7	6180	24	597
7	6180	24	283
7	6180	24	461
7	6180	24	361
7	6180	24	316
7	6180	24	143
7	6180	24	68
7	6180	24	485
7	6180	24	543
7	6180	24	345
7	6180	24	102
7	6180	24	352
7	6180	24	59
7	6180	24	722
7	6180	24	415
7	6180	24	336
7	6180	24	403
7	6180	24	288
7	6180	24	738
7	6180	24	623
7	6180	24	187
7	6180	24	270
7	6180	24	69
7	6180	24	487
7	6180	24	382
7	6180	24	132
7	6180	24	260
7	6180	24	723
7	6180	24	539
7	6180	24	133
7	6180	24	728
7	6180	24	520
7	6180	24	99
7	6180	24	708
7	6180	24	114
7	6180	24	85
7	6180	24	694
12	6230	74	12
12	6230	74	3
12	6230	74	10
12	6230	74	110
12	6230	74	331
12	6230	74	370
12	6230	74	735
12	6230	74	243
12	6230	74	120
12	6230	74	367
12	6230	74	131
12	6230	74	218
12	6230	74	379
12	6230	74	255
12	6230	74	634
12	6230	74	374
12	6230	74	45
12	6230	74	135
12	6230	74	32
12	6230	74	266
12	6230	74	323
12	6230	74	376
12	6230	74	472
12	6230	74	545
12	6230	74	327
12	6230	74	157
12	6230	74	89
12	6230	74	395
12	6230	74	304
12	6230	74	130
12	6230	74	670
12	6230	74	205
12	6230	74	349
12	6230	74	338
12	6230	74	219
12	6230	74	631
12	6230	74	1
12	6230	74	109
12	6230	74	207
12	6230	74	575
12	6230	74	737
12	6230	74	505
12	6230	74	177
12	6230	74	622
12	6230	74	661
12	6230	74	621
12	6230	74	614
12	6230	74	165
12	6230	74	37
12	6230	74	515
12	6230	74	350
12	6230	74	565
12	6230	74	144
12	6230	74	508
12	6230	74	364
12	6230	74	261
12	6230	74	410
12	6230	74	16
12	6230	74	134
12	6230	74	22
10	6230	24	389
10	6230	24	130
10	6230	24	205
10	6230	24	492
10	6230	24	636
10	6230	24	64
10	6230	24	62
10	6230	24	33
10	6230	24	362
10	6230	24	32
10	6230	24	460
10	6230	24	219
10	6230	24	661
10	6230	24	143
10	6230	24	706
10	6230	24	1
10	6230	24	102
10	6230	24	552
10	6230	24	641
10	6230	24	305
10	6230	24	555
10	6230	24	726
10	6230	24	463
10	6230	24	643
10	6230	24	693
10	6230	24	179
10	6230	24	176
10	6230	24	165
10	6230	24	598
10	6230	24	390
10	6230	24	437
10	6230	24	589
10	6230	24	734
10	6230	24	261
10	6230	24	88
10	6230	24	260
10	6230	24	411
10	6230	24	281
10	6230	24	96
10	6230	24	397
10	6230	24	430
10	6230	24	514
10	6230	24	9
10	6230	24	138
10	6230	24	134
10	6230	24	73
10	6230	24	22
10	6230	24	404
10	6230	24	727
10	6230	24	216
10	6230	24	251
10	6230	24	729
10	6230	24	650
10	6230	24	725
10	6230	24	78
10	6230	24	629
10	6230	24	455
10	6230	24	462
10	6230	24	696
10	6230	24	159
10	6230	24	464
10	6230	24	412
10	6230	24	108
10	6230	24	393
10	6230	24	182
10	6230	24	523
10	6230	24	282
10	6230	24	490
10	6230	24	238
10	6230	24	233
10	6230	24	558
10	6230	24	332
10	6230	24	296
10	6230	24	56
10	6230	24	235
10	6230	24	673
10	6230	24	731
10	6230	24	469
10	6230	24	360
10	6230	24	124
10	6230	24	678
10	6230	24	79
10	6230	24	669
10	6230	24	137
10	6230	24	599
10	6230	24	633
10	6230	24	339
10	6230	24	154
10	6230	24	647
10	6230	24	297
10	6230	24	298
10	6230	24	426
10	6230	24	491
10	6230	24	425
10	6230	24	241
10	6230	24	611
10	6230	24	717
10	6230	24	600
10	6230	24	328
10	6230	24	475
10	6230	24	82
10	6230	24	578
10	6230	24	584
10	6230	24	467
10	6230	24	51
10	6230	24	638
10	6230	24	429
10	6230	24	446
10	6230	24	402
10	6230	24	356
10	6230	24	313
10	6230	24	231
10	6230	24	148
10	6230	24	488
10	6230	24	202
10	6230	24	264
10	6230	24	39
10	6230	24	605
14	6280	74	37
14	6280	74	653
14	6280	74	10
14	6280	74	18
14	6280	74	16
14	6280	74	165
14	6280	74	652
14	6280	74	299
14	6280	74	541
14	6280	74	312
14	6280	74	522
14	6280	74	459
14	6280	74	495
14	6280	74	22
14	6280	74	273
13	6280	24	22
13	6280	24	165
13	6280	24	9
13	6280	24	16
13	6280	24	18
13	6280	24	56
13	6280	24	732
13	6280	24	273
13	6280	24	28
13	6280	24	298
13	6280	24	691
13	6280	24	257
13	6280	24	507
13	6280	24	328
13	6280	24	265
13	6280	24	14
13	6280	24	466
13	6280	24	348
13	6280	24	236
13	6280	24	234
13	6280	24	715
13	6280	24	562
13	6280	24	51
13	6280	24	683
13	6280	24	126
13	6280	24	39
13	6280	24	11
13	6280	24	7
13	6280	24	688
13	6280	24	193
13	6280	24	550
13	6280	24	100
13	6280	24	202
13	6280	24	125
13	6280	24	309
13	6280	24	214
13	6280	24	548
13	6280	24	602
13	6280	24	148
13	6280	24	46
13	6280	24	24
13	6280	24	588
13	6280	24	149
13	6280	24	649
13	6280	24	603
13	6280	24	318
13	6280	24	388
13	6280	24	524
13	6280	24	301
13	6280	24	50
13	6280	24	146
13	6280	24	199
13	6280	24	295
13	6280	24	639
13	6280	24	320
13	6280	24	271
13	6280	24	380
13	6280	24	498
13	6280	24	700
13	6280	24	585
13	6280	24	359
13	6280	24	111
13	6280	24	192
13	6280	24	697
13	6280	24	244
13	6280	24	258
13	6280	24	742
13	6280	24	319
13	6280	24	447
13	6280	24	145
13	6280	24	98
13	6280	24	105
13	6280	24	95
13	6280	24	619
13	6280	24	167
13	6280	24	624
13	6280	24	642
13	6280	24	211
13	6280	24	300
13	6280	24	152
13	6280	24	705
13	6280	24	419
13	6280	24	92
13	6280	24	194
13	6280	24	315
13	6280	24	189
13	6280	24	372
13	6280	24	116
13	6280	24	484
13	6280	24	478
13	6280	24	375
13	6280	24	140
13	6280	24	63
15	6330	24	199
15	6330	24	619
15	6330	24	92
15	6330	24	375
15	6330	24	63
15	6330	24	453
15	6330	24	406
15	6330	24	576
15	6330	24	117
15	6330	24	378
15	6330	24	227
15	6330	24	226
15	6330	24	210
15	6330	24	530
15	6330	24	387
15	6330	24	532
15	6330	24	502
15	6330	24	540
15	6330	24	398
15	6330	24	513
15	6330	24	136
15	6330	24	474
