x	y
0.23482787904983	0.529416996063142
0.880535727812981	2.63495759169986
0.535968041191462	1.65847401822829
0.162863839561527	0.33266909552794
-0.197185105248304	0.408105226390487
-0.172468619768839	0.28659650275052
0.153799474199265	0.316431846162057
0.40963826961761	0.935750437622758
0.598141077256912	1.06335852829863
0.212014379244704	0.518143977363557
0.154118345194629	0.30101645203246
0.472068103106327	0.836474107338677
0.337249980596022	0.875864704345996
0.178196236538969	0.362584950689042
0.0914563731061725	0.110962031185178
0.286697780764925	0.682399920953043
0.119793770051974	0.223044026747347
