x	y	clickSelects
0.013389903087982	1.71861741203512	574
0.050762703841137	-1.92628509547894	61
-0.075880001401353	-2.26714424863718	223
0.00776461249271099	2.33250072267599	229
-0.084437994143933	-1.60261982730735	209
-0.027022378537052	-1.9009789547213	342
-0.0980347246560001	-2.19265370139777	59
0.043750058411004	-1.35378513128227	154
-0.0276791311968631	-1.62804275008225	584
-0.031549057264102	-0.885202280676589	356
-0.123192784550409	-2.11414454737316	231
0.08642170287397	-1.78092950459564	309
0.018621876437808	-1.19046128254442	309
0.120699527560106	-0.797034041640249	140
