x	y	clickSelects	showSelected1
-0.0185573714976952	1	1	log2(tiles)=1.00 log10(pixels)=2.50
0.00204844781943869	1	2	log2(tiles)=1.50 log10(pixels)=2.75
0.112783856719735	1	3	log2(tiles)=2.00 log10(pixels)=2.50
-0.0394139750948437	1	4	log2(tiles)=2.00 log10(pixels)=3.25
-0.00696195131370558	1	5	log2(tiles)=1.50 log10(pixels)=2.25
-0.122634143407268	1	6	log2(tiles)=1.00 log10(pixels)=2.75
-0.00963731050575611	1	7	log2(tiles)=0.00 log10(pixels)=1.75
-0.0510299956639813	1	8	log2(tiles)=0.00 log10(pixels)=1.75
0.0374264979406238	1	9	log2(tiles)=1.00 log10(pixels)=2.00
0.0170333392987803	1	10	log2(tiles)=1.50 log10(pixels)=3.00
-0.0528419686577808	1	11	log2(tiles)=0.00 log10(pixels)=1.50
0.123198075031999	1	12	log2(tiles)=2.00 log10(pixels)=3.00
-0.1249387366083	1	13	log2(tiles)=0.00 log10(pixels)=2.00
-0.0433514207947967	1	14	log2(tiles)=0.00 log10(pixels)=3.00
-0.0824944904474534	1	15	log2(tiles)=0.00 log10(pixels)=3.00
-0.0624792791635369	1	16	log2(tiles)=1.50 log10(pixels)=2.25
0.0950980400142568	1	17	log2(tiles)=0.00 log10(pixels)=0.75
-0.0910351573355648	1	18	log2(tiles)=1.00 log10(pixels)=2.75
-0.063608784304507	1	19	log2(tiles)=1.50 log10(pixels)=3.25
0.0965970956264601	1	20	log2(tiles)=1.00 log10(pixels)=2.50
0.0747764624755458	1	21	log2(tiles)=1.50 log10(pixels)=2.75
0.0138726768652235	1	22	log2(tiles)=2.00 log10(pixels)=3.25
0.0854607295085006	1	23	log2(tiles)=0.00 log10(pixels)=2.50
-0.0705810742857072	1	24	log2(tiles)=0.00 log10(pixels)=2.00
-0.0644927341752872	1	25	log2(tiles)=1.00 log10(pixels)=3.00
-0.00963731050575611	2	26	log2(tiles)=0.00 log10(pixels)=1.75
0.00560944536028041	1	27	log2(tiles)=1.00 log10(pixels)=3.00
-0.0376020021010439	1	28	log2(tiles)=0.00 log10(pixels)=2.50
-0.122895201635192	1	29	log2(tiles)=0.00 log10(pixels)=2.25
0.0264618041732443	1	30	log2(tiles)=1.00 log10(pixels)=2.25
0.0314789170422551	1	31	log2(tiles)=0.00 log10(pixels)=1.50
-0.0359513205880586	1	32	log2(tiles)=1.50 log10(pixels)=3.25
0.0791812460476247	1	33	log2(tiles)=0.00 log10(pixels)=2.00
0.112783856719735	1	34	log2(tiles)=0.00 log10(pixels)=1.50
-0.116461091629783	1	35	log2(tiles)=0.00 log10(pixels)=2.25
0.0287536009528289	1	36	log2(tiles)=0.00 log10(pixels)=1.25
-0.0886319977650252	1	37	log2(tiles)=1.00 log10(pixels)=2.25
-0.0536436112666676	1	38	log2(tiles)=1.00 log10(pixels)=2.75
0.107332496431269	1	39	log2(tiles)=1.00 log10(pixels)=1.75
0.0943922736851106	1	40	log2(tiles)=0.00 log10(pixels)=2.25
-0.119186407719209	1	41	log2(tiles)=0.00 log10(pixels)=2.00
0.112131379313037	1	42	log2(tiles)=1.00 log10(pixels)=2.75
0.0293837776852097	1	43	log2(tiles)=2.00 log10(pixels)=2.00
0.107549129744686	1	44	log2(tiles)=1.50 log10(pixels)=3.00
0.119231719730976	1	45	log2(tiles)=0.00 log10(pixels)=1.75
0.106381365110605	1	46	log2(tiles)=0.00 log10(pixels)=2.50
0.110338006570994	1	47	log2(tiles)=1.00 log10(pixels)=2.75
-0.0228787452803376	1	48	log2(tiles)=0.00 log10(pixels)=0.50
0.0701462861110538	1	49	log2(tiles)=0.00 log10(pixels)=2.25
0.0100713879850747	1	50	log2(tiles)=0.00 log10(pixels)=2.25
-0.0513429130455774	1	51	log2(tiles)=1.00 log10(pixels)=2.25
-0.0257241303992108	1	52	log2(tiles)=0.00 log10(pixels)=1.75
0.0281512503836436	1	53	log2(tiles)=0.00 log10(pixels)=0.75
-0.10790539730952	1	54	log2(tiles)=0.00 log10(pixels)=2.00
0.119231719730976	1	55	log2(tiles)=1.00 log10(pixels)=1.75
0.0422560713564759	1	56	log2(tiles)=1.00 log10(pixels)=2.25
-0.0170038896078464	1	57	log2(tiles)=1.00 log10(pixels)=2.25
-0.0816987086802548	1	58	log2(tiles)=0.00 log10(pixels)=2.50
0.102059991327962	1	59	log2(tiles)=0.00 log10(pixels)=0.50
0.102059991327962	2	60	log2(tiles)=0.00 log10(pixels)=0.50
0.102059991327962	3	61	log2(tiles)=0.00 log10(pixels)=0.50
0.110252917353403	1	62	log2(tiles)=1.00 log10(pixels)=3.00
-0.080044251510242	1	63	log2(tiles)=1.00 log10(pixels)=2.50
-0.0985994592184558	1	64	log2(tiles)=1.50 log10(pixels)=2.50
0.0642475957319202	1	65	log2(tiles)=1.00 log10(pixels)=2.75
-0.102059991327963	1	66	log2(tiles)=0.00 log10(pixels)=2.50
0.021841606536499	1	67	log2(tiles)=0.00 log10(pixels)=2.25
0.0413926851582249	1	68	log2(tiles)=0.00 log10(pixels)=1.00
-0.0228787452803376	2	69	log2(tiles)=0.00 log10(pixels)=0.50
-0.00863830616572736	1	70	log2(tiles)=0.00 log10(pixels)=1.50
0.123249290397901	1	71	log2(tiles)=0.00 log10(pixels)=1.50
0.0281512503836436	2	72	log2(tiles)=0.00 log10(pixels)=0.75
0.119231719730976	2	73	log2(tiles)=0.00 log10(pixels)=1.75
-0.0195510786217261	1	74	log2(tiles)=0.00 log10(pixels)=1.25
-0.085026652029182	1	75	log2(tiles)=0.00 log10(pixels)=1.50
-0.119788758288394	1	76	log2(tiles)=0.00 log10(pixels)=1.50
0.00587485567249146	1	77	log2(tiles)=1.00 log10(pixels)=1.75
0.0950980400142568	2	78	log2(tiles)=0.00 log10(pixels)=0.75
-0.0528419686577808	2	79	log2(tiles)=0.00 log10(pixels)=1.50
-0.085026652029182	2	80	log2(tiles)=0.00 log10(pixels)=1.50
-0.0376020021010439	1	81	log2(tiles)=1.00 log10(pixels)=1.50
-0.0598039199714864	1	82	log2(tiles)=0.00 log10(pixels)=1.75
0.0185139398778875	1	83	log2(tiles)=1.00 log10(pixels)=1.50
0.0797835966168101	1	84	log2(tiles)=0.00 log10(pixels)=1.50
0.0510299956639812	1	85	log2(tiles)=0.00 log10(pixels)=0.25
0.00527250510330601	1	86	log2(tiles)=0.00 log10(pixels)=1.25
-0.0686362358410126	1	87	log2(tiles)=0.00 log10(pixels)=1.50
0.0281512503836436	1	88	log2(tiles)=0.00 log10(pixels)=1.75
-0.0506099933550872	1	89	log2(tiles)=0.00 log10(pixels)=2.00
0.102059991327963	1	90	log2(tiles)=0.00 log10(pixels)=1.50
0.00527250510330601	1	91	log2(tiles)=1.00 log10(pixels)=2.25
-0.119666231504994	1	92	log2(tiles)=1.00 log10(pixels)=2.25
-0.0228787452803376	3	93	log2(tiles)=0.00 log10(pixels)=0.50
-0.0043648054024501	1	94	log2(tiles)=0.00 log10(pixels)=2.00
-0.0228787452803376	4	95	log2(tiles)=0.00 log10(pixels)=0.50
0.0910646070264991	1	96	log2(tiles)=0.00 log10(pixels)=1.50
0.0353298350107671	1	97	log2(tiles)=1.00 log10(pixels)=1.75
0.0510299956639812	2	98	log2(tiles)=0.00 log10(pixels)=0.25
0.0791812460476249	1	99	log2(tiles)=0.00 log10(pixels)=1.00
0.113943352306837	1	100	log2(tiles)=0.00 log10(pixels)=2.00
-0.0458800173440752	1	101	log2(tiles)=0.00 log10(pixels)=1.25
-0.0739087409443187	1	102	log2(tiles)=1.00 log10(pixels)=2.25
-0.0579919469776868	1	103	log2(tiles)=1.00 log10(pixels)=3.00
-0.0575202309355514	1	104	log2(tiles)=1.00 log10(pixels)=2.50
0.102059991327962	4	105	log2(tiles)=0.00 log10(pixels)=0.50
0.0983048630481607	1	106	log2(tiles)=2.00 log10(pixels)=2.25
-0.0510299956639813	2	107	log2(tiles)=0.00 log10(pixels)=1.75
0.0510299956639813	1	108	log2(tiles)=0.00 log10(pixels)=2.25
0.0314789170422551	2	109	log2(tiles)=0.00 log10(pixels)=1.50
0.0659703454569178	1	110	log2(tiles)=1.00 log10(pixels)=2.25
-0.0457574905606751	1	111	log2(tiles)=0.00 log10(pixels)=1.00
-0.0687587626244128	1	112	log2(tiles)=0.00 log10(pixels)=1.75
0.0281512503836436	3	113	log2(tiles)=0.00 log10(pixels)=0.75
0.0510299956639812	3	114	log2(tiles)=0.00 log10(pixels)=0.25
-0.0559552040819238	1	115	log2(tiles)=1.50 log10(pixels)=2.50
0.0510299956639812	4	116	log2(tiles)=0.00 log10(pixels)=0.25
-0.0510299956639812	1	117	log2(tiles)=0.00 log10(pixels)=0.75
0.0510299956639812	5	118	log2(tiles)=0.00 log10(pixels)=0.25
-0.031517051446065	1	119	log2(tiles)=0.00 log10(pixels)=2.00
0.0924226808222062	1	120	log2(tiles)=1.00 log10(pixels)=2.25
-0.0969100130080565	1	121	log2(tiles)=0.00 log10(pixels)=1.00
0.0314789170422551	3	122	log2(tiles)=0.00 log10(pixels)=1.50
0	1	123	log2(tiles)=0.00 log10(pixels)=1.00
0.0950980400142568	3	124	log2(tiles)=0.00 log10(pixels)=0.75
0.0950980400142568	4	125	log2(tiles)=0.00 log10(pixels)=0.75
0.111727836017593	1	126	log2(tiles)=0.00 log10(pixels)=1.25
0.0281512503836436	4	127	log2(tiles)=0.00 log10(pixels)=0.75
0.0797835966168101	2	128	log2(tiles)=0.00 log10(pixels)=1.50
-0.0228787452803376	1	129	log2(tiles)=0.00 log10(pixels)=1.50
-0.00696195131370558	2	130	log2(tiles)=1.50 log10(pixels)=2.25
0.120988813760575	1	131	log2(tiles)=1.50 log10(pixels)=2.75
0.111727836017593	2	132	log2(tiles)=0.00 log10(pixels)=1.25
0.102059991327962	5	133	log2(tiles)=0.00 log10(pixels)=0.50
0.0722192947339193	1	134	log2(tiles)=1.00 log10(pixels)=1.25
0.0644579892269186	1	135	log2(tiles)=1.00 log10(pixels)=2.00
0.0510299956639812	6	136	log2(tiles)=0.00 log10(pixels)=0.25
-0.103871964321762	1	137	log2(tiles)=0.00 log10(pixels)=1.25
0.0510299956639813	1	138	log2(tiles)=0.00 log10(pixels)=1.25
0.0950980400142568	5	139	log2(tiles)=0.00 log10(pixels)=0.75
-0.0228787452803376	5	140	log2(tiles)=0.00 log10(pixels)=0.50
0.00527250510330601	2	141	log2(tiles)=0.00 log10(pixels)=1.25
0.0950980400142568	6	142	log2(tiles)=0.00 log10(pixels)=0.75
0.00514997831990605	1	143	log2(tiles)=1.00 log10(pixels)=1.50
-0.0195510786217261	2	144	log2(tiles)=0.00 log10(pixels)=1.25
0.0722192947339193	1	145	log2(tiles)=0.00 log10(pixels)=1.25
0.0791812460476249	2	146	log2(tiles)=0.00 log10(pixels)=1.00
-0.0458800173440752	2	147	log2(tiles)=0.00 log10(pixels)=1.25
0.0888490907372552	1	148	log2(tiles)=1.00 log10(pixels)=1.75
0.0510299956639812	7	149	log2(tiles)=0.00 log10(pixels)=0.25
0.0253058652647704	1	150	log2(tiles)=0.00 log10(pixels)=2.00
0.0510299956639812	8	151	log2(tiles)=0.00 log10(pixels)=0.25
0.0281512503836436	5	152	log2(tiles)=0.00 log10(pixels)=0.75
-0.119788758288394	2	153	log2(tiles)=0.00 log10(pixels)=1.50
0.0281512503836436	6	154	log2(tiles)=0.00 log10(pixels)=0.75
0.05307844348342	1	155	log2(tiles)=0.00 log10(pixels)=2.00
-0.0195510786217261	3	156	log2(tiles)=0.00 log10(pixels)=1.25
-0.0916375079047502	1	157	log2(tiles)=0.00 log10(pixels)=2.25
0.102059991327962	6	158	log2(tiles)=0.00 log10(pixels)=0.50
-0.0228787452803376	2	159	log2(tiles)=0.00 log10(pixels)=1.50
-0.0528419686577808	1	160	log2(tiles)=1.00 log10(pixels)=1.50
-0.0739087409443187	1	161	log2(tiles)=0.00 log10(pixels)=1.25
0.0413926851582249	2	162	log2(tiles)=0.00 log10(pixels)=1.00
0.0413926851582249	3	163	log2(tiles)=0.00 log10(pixels)=1.00
-0.0228787452803376	6	164	log2(tiles)=0.00 log10(pixels)=0.50
-0.00492520841794253	1	165	log2(tiles)=2.00 log10(pixels)=2.75
0.0440680443502757	1	166	log2(tiles)=0.00 log10(pixels)=1.50
-0.0872421683184259	1	167	log2(tiles)=0.00 log10(pixels)=1.75
-0.0195510786217261	4	168	log2(tiles)=0.00 log10(pixels)=1.25
0.0950980400142569	1	169	log2(tiles)=0.00 log10(pixels)=1.75
-0.0510299956639812	2	170	log2(tiles)=0.00 log10(pixels)=0.75
0.111727836017593	3	171	log2(tiles)=0.00 log10(pixels)=1.25
0.102059991327962	7	172	log2(tiles)=0.00 log10(pixels)=0.50
0.0314789170422551	4	173	log2(tiles)=0.00 log10(pixels)=1.50
-0.105548319173784	1	174	log2(tiles)=0.00 log10(pixels)=2.50
-0.0452752090209372	1	175	log2(tiles)=1.00 log10(pixels)=3.00
-0.0510299956639812	3	176	log2(tiles)=0.00 log10(pixels)=0.75
-0.0376020021010439	1	177	log2(tiles)=0.00 log10(pixels)=1.50
-0.0856471442155629	1	178	log2(tiles)=0.00 log10(pixels)=2.25
0.0314789170422551	5	179	log2(tiles)=0.00 log10(pixels)=1.50
-0.0486028756795487	1	180	log2(tiles)=1.00 log10(pixels)=2.25
-0.0541003475907664	1	181	log2(tiles)=0.00 log10(pixels)=2.25
-0.0458800173440752	3	182	log2(tiles)=0.00 log10(pixels)=1.25
-0.0362121726544447	1	183	log2(tiles)=0.00 log10(pixels)=2.00
-0.0228787452803376	7	184	log2(tiles)=0.00 log10(pixels)=0.50
-0.0510299956639812	4	185	log2(tiles)=0.00 log10(pixels)=0.75
-0.0228787452803376	3	186	log2(tiles)=0.00 log10(pixels)=1.50
-0.0228787452803376	8	187	log2(tiles)=0.00 log10(pixels)=0.50
0.103803720955957	1	188	log2(tiles)=0.00 log10(pixels)=2.00
-0.0228787452803376	9	189	log2(tiles)=0.00 log10(pixels)=0.50
0.0440680443502757	2	190	log2(tiles)=0.00 log10(pixels)=1.50
0.0510299956639812	9	191	log2(tiles)=0.00 log10(pixels)=0.25
0.0510299956639812	10	192	log2(tiles)=0.00 log10(pixels)=0.25
-0.0510299956639812	5	193	log2(tiles)=0.00 log10(pixels)=0.75
-0.0228787452803376	10	194	log2(tiles)=0.00 log10(pixels)=0.50
-0.085026652029182	3	195	log2(tiles)=0.00 log10(pixels)=1.50
-0.0228787452803376	11	196	log2(tiles)=0.00 log10(pixels)=0.50
0.0563025007672873	1	197	log2(tiles)=0.00 log10(pixels)=1.50
-0.0510299956639812	6	198	log2(tiles)=0.00 log10(pixels)=0.75
-0.00584540598155714	1	199	log2(tiles)=1.00 log10(pixels)=2.50
-0.0969100130080565	1	200	log2(tiles)=0.00 log10(pixels)=2.00
0.111727836017593	4	201	log2(tiles)=0.00 log10(pixels)=1.25
-0.0195510786217261	1	202	log2(tiles)=1.00 log10(pixels)=1.25
-0.0228787452803376	12	203	log2(tiles)=0.00 log10(pixels)=0.50
-0.0228787452803376	4	204	log2(tiles)=0.00 log10(pixels)=1.50
0.0910646070264991	1	205	log2(tiles)=2.00 log10(pixels)=1.50
-0.0969100130080565	2	206	log2(tiles)=0.00 log10(pixels)=1.00
-0.0510299956639813	3	207	log2(tiles)=0.00 log10(pixels)=1.75
-0.0325160557860937	1	208	log2(tiles)=1.00 log10(pixels)=2.25
-0.0228787452803376	13	209	log2(tiles)=0.00 log10(pixels)=0.50
0.0510299956639812	11	210	log2(tiles)=0.00 log10(pixels)=0.25
0.102059991327962	8	211	log2(tiles)=0.00 log10(pixels)=0.50
0.0510299956639812	12	212	log2(tiles)=0.00 log10(pixels)=0.25
-0.0655015487564323	1	213	log2(tiles)=0.00 log10(pixels)=2.00
-0.0457574905606751	2	214	log2(tiles)=0.00 log10(pixels)=1.00
0.112783856719735	2	215	log2(tiles)=0.00 log10(pixels)=1.50
0.102059991327963	2	216	log2(tiles)=0.00 log10(pixels)=1.50
0.0185139398778875	1	217	log2(tiles)=0.00 log10(pixels)=1.50
0.0413926851582249	4	218	log2(tiles)=0.00 log10(pixels)=1.00
0.113943352306837	1	219	log2(tiles)=1.00 log10(pixels)=1.00
0.0629133566428555	1	220	log2(tiles)=0.00 log10(pixels)=1.75
0.113943352306837	1	221	log2(tiles)=0.00 log10(pixels)=1.00
-0.0969100130080565	3	222	log2(tiles)=0.00 log10(pixels)=1.00
-0.0228787452803376	14	223	log2(tiles)=0.00 log10(pixels)=0.50
0.112783856719735	3	224	log2(tiles)=0.00 log10(pixels)=1.50
0.111727836017593	1	225	log2(tiles)=2.00 log10(pixels)=2.25
-0.0228787452803376	15	226	log2(tiles)=0.00 log10(pixels)=0.50
0.102059991327962	9	227	log2(tiles)=0.00 log10(pixels)=0.50
-0.0969100130080565	4	228	log2(tiles)=0.00 log10(pixels)=1.00
0.0510299956639812	13	229	log2(tiles)=0.00 log10(pixels)=0.25
-0.0458800173440752	4	230	log2(tiles)=0.00 log10(pixels)=1.25
0.0281512503836436	7	231	log2(tiles)=0.00 log10(pixels)=0.75
0.102059991327962	10	232	log2(tiles)=0.00 log10(pixels)=0.50
0.0510299956639812	14	233	log2(tiles)=0.00 log10(pixels)=0.25
-0.0457574905606751	3	234	log2(tiles)=0.00 log10(pixels)=1.00
0.0791812460476249	3	235	log2(tiles)=0.00 log10(pixels)=1.00
0.0924226808222062	1	236	log2(tiles)=0.00 log10(pixels)=1.25
0.0510299956639812	15	237	log2(tiles)=0.00 log10(pixels)=0.25
0.112783856719735	4	238	log2(tiles)=0.00 log10(pixels)=1.50
-0.0686362358410126	2	239	log2(tiles)=0.00 log10(pixels)=1.50
0.0924226808222062	2	240	log2(tiles)=0.00 log10(pixels)=1.25
0.0563025007672873	2	241	log2(tiles)=0.00 log10(pixels)=1.50
0.068201724066995	1	242	log2(tiles)=1.00 log10(pixels)=1.50
0.0950980400142568	7	243	log2(tiles)=0.00 log10(pixels)=0.75
0.0134279935629373	1	244	log2(tiles)=0.00 log10(pixels)=1.75
0.0510299956639812	16	245	log2(tiles)=0.00 log10(pixels)=0.25
-0.0510299956639812	7	246	log2(tiles)=0.00 log10(pixels)=0.75
0.0440680443502757	3	247	log2(tiles)=0.00 log10(pixels)=1.50
0.0287536009528289	1	248	log2(tiles)=0.00 log10(pixels)=2.25
0.102059991327962	11	249	log2(tiles)=0.00 log10(pixels)=0.50
-0.124687549038326	1	250	log2(tiles)=0.00 log10(pixels)=2.75
0.0413926851582249	5	251	log2(tiles)=0.00 log10(pixels)=1.00
-0.0510299956639812	1	252	log2(tiles)=1.50 log10(pixels)=0.75
0.102059991327963	3	253	log2(tiles)=0.00 log10(pixels)=1.50
-0.0510299956639812	8	254	log2(tiles)=0.00 log10(pixels)=0.75
-0.0195510786217261	2	255	log2(tiles)=1.00 log10(pixels)=1.25
0.113943352306837	2	256	log2(tiles)=1.00 log10(pixels)=1.00
-0.0510299956639812	9	257	log2(tiles)=0.00 log10(pixels)=0.75
-0.0228787452803376	16	258	log2(tiles)=0.00 log10(pixels)=0.50
-0.0228787452803376	17	259	log2(tiles)=0.00 log10(pixels)=0.50
0.0170333392987803	1	260	log2(tiles)=1.00 log10(pixels)=2.00
0.0791812460476249	1	261	log2(tiles)=1.00 log10(pixels)=1.00
-0.102059991327962	1	262	log2(tiles)=0.00 log10(pixels)=1.50
0	2	263	log2(tiles)=0.00 log10(pixels)=1.00
0.0510299956639812	17	264	log2(tiles)=0.00 log10(pixels)=0.25
-0.119788758288394	3	265	log2(tiles)=0.00 log10(pixels)=1.50
-0.0528419686577808	3	266	log2(tiles)=0.00 log10(pixels)=1.50
0.00527250510330601	3	267	log2(tiles)=0.00 log10(pixels)=1.25
-0.0510299956639812	10	268	log2(tiles)=0.00 log10(pixels)=0.75
0	3	269	log2(tiles)=0.00 log10(pixels)=1.00
0.0281512503836436	8	270	log2(tiles)=0.00 log10(pixels)=0.75
-0.0228787452803376	18	271	log2(tiles)=0.00 log10(pixels)=0.50
-0.0228787452803376	19	272	log2(tiles)=0.00 log10(pixels)=0.50
-0.0195510786217261	3	273	log2(tiles)=1.00 log10(pixels)=1.25
0.0510299956639812	18	274	log2(tiles)=0.00 log10(pixels)=0.25
0.0510299956639812	19	275	log2(tiles)=0.00 log10(pixels)=0.25
-0.0528419686577808	4	276	log2(tiles)=0.00 log10(pixels)=1.50
0.0950980400142568	1	277	log2(tiles)=1.00 log10(pixels)=0.75
-0.0510299956639812	11	278	log2(tiles)=0.00 log10(pixels)=0.75
-0.103871964321762	2	279	log2(tiles)=0.00 log10(pixels)=1.25
0.0281512503836436	9	280	log2(tiles)=0.00 log10(pixels)=0.75
-0.103871964321762	3	281	log2(tiles)=0.00 log10(pixels)=1.25
-0.0228787452803376	20	282	log2(tiles)=0.00 log10(pixels)=0.50
0.102059991327963	4	283	log2(tiles)=0.00 log10(pixels)=1.50
-0.0457574905606751	1	284	log2(tiles)=1.00 log10(pixels)=1.00
0.0281512503836436	10	285	log2(tiles)=0.00 log10(pixels)=0.75
0.0510299956639812	20	286	log2(tiles)=0.00 log10(pixels)=0.25
-0.0969100130080565	5	287	log2(tiles)=0.00 log10(pixels)=1.00
-0.0228787452803376	21	288	log2(tiles)=0.00 log10(pixels)=0.50
-0.0195510786217261	5	289	log2(tiles)=0.00 log10(pixels)=1.25
-0.0510299956639812	12	290	log2(tiles)=0.00 log10(pixels)=0.75
0.102059991327962	12	291	log2(tiles)=0.00 log10(pixels)=0.50
0.0510299956639812	21	292	log2(tiles)=0.00 log10(pixels)=0.25
0.0510299956639812	22	293	log2(tiles)=0.00 log10(pixels)=0.25
0.0510299956639812	23	294	log2(tiles)=0.00 log10(pixels)=0.25
-0.0510299956639812	13	295	log2(tiles)=0.00 log10(pixels)=0.75
0.102059991327962	13	296	log2(tiles)=0.00 log10(pixels)=0.50
0.0791812460476249	4	297	log2(tiles)=0.00 log10(pixels)=1.00
-0.0457574905606751	2	298	log2(tiles)=1.00 log10(pixels)=1.00
0.00527250510330601	4	299	log2(tiles)=0.00 log10(pixels)=1.25
-0.0510299956639812	14	300	log2(tiles)=0.00 log10(pixels)=0.75
0.0950980400142568	8	301	log2(tiles)=0.00 log10(pixels)=0.75
-0.119788758288394	4	302	log2(tiles)=0.00 log10(pixels)=1.50
-0.0457574905606751	4	303	log2(tiles)=0.00 log10(pixels)=1.00
0.0510299956639812	24	304	log2(tiles)=0.00 log10(pixels)=0.25
0.0510299956639812	25	305	log2(tiles)=0.00 log10(pixels)=0.25
0.102059991327962	14	306	log2(tiles)=0.00 log10(pixels)=0.50
0.102059991327962	15	307	log2(tiles)=0.00 log10(pixels)=0.50
-0.0228787452803376	5	308	log2(tiles)=0.00 log10(pixels)=1.50
0.0281512503836436	11	309	log2(tiles)=0.00 log10(pixels)=0.75
-0.0969100130080565	6	310	log2(tiles)=0.00 log10(pixels)=1.00
-0.0915149811213503	1	311	log2(tiles)=0.00 log10(pixels)=2.00
0	4	312	log2(tiles)=0.00 log10(pixels)=1.00
0.0510299956639812	26	313	log2(tiles)=0.00 log10(pixels)=0.25
0.0722192947339193	2	314	log2(tiles)=0.00 log10(pixels)=1.25
-0.0228787452803376	22	315	log2(tiles)=0.00 log10(pixels)=0.50
0.123249290397901	2	316	log2(tiles)=0.00 log10(pixels)=1.50
-0.0510299956639812	15	317	log2(tiles)=0.00 log10(pixels)=0.75
0.0510299956639812	27	318	log2(tiles)=0.00 log10(pixels)=0.25
0.0413926851582249	6	319	log2(tiles)=0.00 log10(pixels)=1.00
-0.0228787452803376	23	320	log2(tiles)=0.00 log10(pixels)=0.50
0.0185139398778875	2	321	log2(tiles)=0.00 log10(pixels)=1.50
0.102059991327962	16	322	log2(tiles)=0.00 log10(pixels)=0.50
-0.0457574905606751	5	323	log2(tiles)=0.00 log10(pixels)=1.00
0.0722192947339193	3	324	log2(tiles)=0.00 log10(pixels)=1.25
-0.0510299956639812	16	325	log2(tiles)=0.00 log10(pixels)=0.75
0.00514997831990605	2	326	log2(tiles)=1.00 log10(pixels)=1.50
-0.0655015487564323	2	327	log2(tiles)=0.00 log10(pixels)=2.00
0.0950980400142568	2	328	log2(tiles)=1.00 log10(pixels)=0.75
0.102059991327962	17	329	log2(tiles)=0.00 log10(pixels)=0.50
-0.0969100130080565	7	330	log2(tiles)=0.00 log10(pixels)=1.00
0.0314789170422551	6	331	log2(tiles)=0.00 log10(pixels)=1.50
0.0423916894982539	1	332	log2(tiles)=0.00 log10(pixels)=1.75
0.0629133566428555	2	333	log2(tiles)=0.00 log10(pixels)=1.75
0.0510299956639812	28	334	log2(tiles)=0.00 log10(pixels)=0.25
-0.0969100130080565	8	335	log2(tiles)=0.00 log10(pixels)=1.00
0.0950980400142568	9	336	log2(tiles)=0.00 log10(pixels)=0.75
0.102059991327962	18	337	log2(tiles)=0.00 log10(pixels)=0.50
0	1	338	log2(tiles)=0.00 log10(pixels)=0.00
0.102059991327962	19	339	log2(tiles)=0.00 log10(pixels)=0.50
0.0510299956639812	29	340	log2(tiles)=0.00 log10(pixels)=0.25
0.0510299956639812	30	341	log2(tiles)=0.00 log10(pixels)=0.25
0.102059991327962	20	342	log2(tiles)=0.00 log10(pixels)=0.50
0.111727836017593	5	343	log2(tiles)=0.00 log10(pixels)=1.25
-0.085026652029182	4	344	log2(tiles)=0.00 log10(pixels)=1.50
0.0510299956639812	31	345	log2(tiles)=0.00 log10(pixels)=0.25
0.0510299956639813	2	346	log2(tiles)=0.00 log10(pixels)=1.25
0.0510299956639812	32	347	log2(tiles)=0.00 log10(pixels)=0.25
0.0910646070264991	2	348	log2(tiles)=0.00 log10(pixels)=1.50
0.0791812460476249	5	349	log2(tiles)=0.00 log10(pixels)=1.00
-0.0872421683184259	2	350	log2(tiles)=0.00 log10(pixels)=1.75
-0.0969100130080565	9	351	log2(tiles)=0.00 log10(pixels)=1.00
0.0281512503836436	12	352	log2(tiles)=0.00 log10(pixels)=0.75
0.111727836017593	6	353	log2(tiles)=0.00 log10(pixels)=1.25
-0.0457574905606751	6	354	log2(tiles)=0.00 log10(pixels)=1.00
-0.0510299956639812	17	355	log2(tiles)=0.00 log10(pixels)=0.75
0.0510299956639812	33	356	log2(tiles)=0.00 log10(pixels)=0.25
0.0252462597402365	1	357	log2(tiles)=1.00 log10(pixels)=2.75
0.0134279935629373	1	358	log2(tiles)=1.00 log10(pixels)=1.75
-0.0458800173440752	5	359	log2(tiles)=0.00 log10(pixels)=1.25
0.0510299956639812	34	360	log2(tiles)=0.00 log10(pixels)=0.25
0.0488530764097068	1	361	log2(tiles)=0.00 log10(pixels)=2.25
0.00432137378264263	1	362	log2(tiles)=0.00 log10(pixels)=2.00
-0.00863830616572736	2	363	log2(tiles)=0.00 log10(pixels)=1.50
0.00527250510330601	5	364	log2(tiles)=0.00 log10(pixels)=1.25
0.0413926851582249	7	365	log2(tiles)=0.00 log10(pixels)=1.00
0.0510299956639812	35	366	log2(tiles)=0.00 log10(pixels)=0.25
-0.0510299956639812	18	367	log2(tiles)=0.00 log10(pixels)=0.75
-0.0457574905606751	7	368	log2(tiles)=0.00 log10(pixels)=1.00
0.0281512503836436	13	369	log2(tiles)=0.00 log10(pixels)=0.75
0.0563025007672873	3	370	log2(tiles)=0.00 log10(pixels)=1.50
-0.0510299956639812	19	371	log2(tiles)=0.00 log10(pixels)=0.75
-0.0228787452803376	24	372	log2(tiles)=0.00 log10(pixels)=0.50
0.0791812460476249	6	373	log2(tiles)=0.00 log10(pixels)=1.00
0.0287536009528289	1	374	log2(tiles)=1.00 log10(pixels)=1.25
0.0281512503836436	1	375	log2(tiles)=1.00 log10(pixels)=0.75
0.102059991327962	21	376	log2(tiles)=0.00 log10(pixels)=0.50
0.0950980400142568	10	377	log2(tiles)=0.00 log10(pixels)=0.75
0.102059991327962	22	378	log2(tiles)=0.00 log10(pixels)=0.50
0.00527250510330601	6	379	log2(tiles)=0.00 log10(pixels)=1.25
0.102059991327962	23	380	log2(tiles)=0.00 log10(pixels)=0.50
0.0950980400142568	11	381	log2(tiles)=0.00 log10(pixels)=0.75
-0.0228787452803376	25	382	log2(tiles)=0.00 log10(pixels)=0.50
0.0413926851582249	8	383	log2(tiles)=0.00 log10(pixels)=1.00
0.102059991327962	1	384	log2(tiles)=1.00 log10(pixels)=0.50
0.0510299956639812	36	385	log2(tiles)=0.00 log10(pixels)=0.25
0	2	386	log2(tiles)=0.00 log10(pixels)=0.00
0	3	387	log2(tiles)=0.00 log10(pixels)=0.00
0	4	388	log2(tiles)=0.00 log10(pixels)=0.00
0.0950980400142568	1	389	log2(tiles)=1.50 log10(pixels)=0.75
0	5	390	log2(tiles)=0.00 log10(pixels)=0.00
0.0791812460476249	2	391	log2(tiles)=1.00 log10(pixels)=1.00
0	6	392	log2(tiles)=0.00 log10(pixels)=0.00
0	7	393	log2(tiles)=0.00 log10(pixels)=0.00
0.102059991327962	24	394	log2(tiles)=0.00 log10(pixels)=0.50
0	8	395	log2(tiles)=0.00 log10(pixels)=0.00
0	9	396	log2(tiles)=0.00 log10(pixels)=0.00
0.112783856719735	5	397	log2(tiles)=0.00 log10(pixels)=1.50
0	10	398	log2(tiles)=0.00 log10(pixels)=0.00
-0.0510299956639812	20	399	log2(tiles)=0.00 log10(pixels)=0.75
-0.103871964321762	4	400	log2(tiles)=0.00 log10(pixels)=1.25
0	5	401	log2(tiles)=0.00 log10(pixels)=1.00
0	11	402	log2(tiles)=0.00 log10(pixels)=0.00
0	12	403	log2(tiles)=0.00 log10(pixels)=0.00
-0.102059991327962	2	404	log2(tiles)=0.00 log10(pixels)=1.50
0.0281512503836436	14	405	log2(tiles)=0.00 log10(pixels)=0.75
0	13	406	log2(tiles)=0.00 log10(pixels)=0.00
-0.0228787452803376	26	407	log2(tiles)=0.00 log10(pixels)=0.50
-0.0228787452803376	27	408	log2(tiles)=0.00 log10(pixels)=0.50
-0.00863830616572736	3	409	log2(tiles)=0.00 log10(pixels)=1.50
0.0134279935629373	2	410	log2(tiles)=0.00 log10(pixels)=1.75
-0.085026652029182	5	411	log2(tiles)=0.00 log10(pixels)=1.50
0.0510299956639812	37	412	log2(tiles)=0.00 log10(pixels)=0.25
0.0950980400142568	12	413	log2(tiles)=0.00 log10(pixels)=0.75
0	14	414	log2(tiles)=0.00 log10(pixels)=0.00
-0.0195510786217261	6	415	log2(tiles)=0.00 log10(pixels)=1.25
0	15	416	log2(tiles)=0.00 log10(pixels)=0.00
-0.0528419686577808	5	417	log2(tiles)=0.00 log10(pixels)=1.50
0	16	418	log2(tiles)=0.00 log10(pixels)=0.00
0	17	419	log2(tiles)=0.00 log10(pixels)=0.00
0.0510299956639812	38	420	log2(tiles)=0.00 log10(pixels)=0.25
-0.0969100130080565	10	421	log2(tiles)=0.00 log10(pixels)=1.00
-0.0510299956639812	21	422	log2(tiles)=0.00 log10(pixels)=0.75
-0.0228787452803376	28	423	log2(tiles)=0.00 log10(pixels)=0.50
0.113943352306837	2	424	log2(tiles)=0.00 log10(pixels)=1.00
0	18	425	log2(tiles)=0.00 log10(pixels)=0.00
0	19	426	log2(tiles)=0.00 log10(pixels)=0.00
0.0281512503836436	15	427	log2(tiles)=0.00 log10(pixels)=0.75
0.0510299956639812	39	428	log2(tiles)=0.00 log10(pixels)=0.25
0	20	429	log2(tiles)=0.00 log10(pixels)=0.00
-0.0458800173440752	6	430	log2(tiles)=0.00 log10(pixels)=1.25
-0.0739087409443187	2	431	log2(tiles)=0.00 log10(pixels)=1.25
-0.0969100130080565	11	432	log2(tiles)=0.00 log10(pixels)=1.00
0.0510299956639812	40	433	log2(tiles)=0.00 log10(pixels)=0.25
0	21	434	log2(tiles)=0.00 log10(pixels)=0.00
0.0510299956639812	41	435	log2(tiles)=0.00 log10(pixels)=0.25
0	22	436	log2(tiles)=0.00 log10(pixels)=0.00
0.102059991327962	25	437	log2(tiles)=0.00 log10(pixels)=0.50
0	23	438	log2(tiles)=0.00 log10(pixels)=0.00
-0.0228787452803376	29	439	log2(tiles)=0.00 log10(pixels)=0.50
0.00587485567249146	1	440	log2(tiles)=0.00 log10(pixels)=1.75
0.102059991327962	26	441	log2(tiles)=0.00 log10(pixels)=0.50
0	24	442	log2(tiles)=0.00 log10(pixels)=0.00
0.113943352306837	3	443	log2(tiles)=0.00 log10(pixels)=1.00
0	25	444	log2(tiles)=0.00 log10(pixels)=0.00
0.0281512503836436	16	445	log2(tiles)=0.00 log10(pixels)=0.75
0	26	446	log2(tiles)=0.00 log10(pixels)=0.00
-0.0228787452803376	30	447	log2(tiles)=0.00 log10(pixels)=0.50
0	27	448	log2(tiles)=0.00 log10(pixels)=0.00
-0.085026652029182	6	449	log2(tiles)=0.00 log10(pixels)=1.50
0.0314789170422551	7	450	log2(tiles)=0.00 log10(pixels)=1.50
-0.0510299956639812	22	451	log2(tiles)=0.00 log10(pixels)=0.75
0	28	452	log2(tiles)=0.00 log10(pixels)=0.00
0	29	453	log2(tiles)=0.00 log10(pixels)=0.00
0	30	454	log2(tiles)=0.00 log10(pixels)=0.00
-0.0228787452803376	31	455	log2(tiles)=0.00 log10(pixels)=0.50
0	31	456	log2(tiles)=0.00 log10(pixels)=0.00
0.0510299956639812	42	457	log2(tiles)=0.00 log10(pixels)=0.25
0	32	458	log2(tiles)=0.00 log10(pixels)=0.00
0	33	459	log2(tiles)=0.00 log10(pixels)=0.00
0	34	460	log2(tiles)=0.00 log10(pixels)=0.00
-0.0510299956639812	23	461	log2(tiles)=0.00 log10(pixels)=0.75
0.00587485567249146	2	462	log2(tiles)=0.00 log10(pixels)=1.75
0.102059991327962	27	463	log2(tiles)=0.00 log10(pixels)=0.50
0	35	464	log2(tiles)=0.00 log10(pixels)=0.00
0	36	465	log2(tiles)=0.00 log10(pixels)=0.00
-0.0228787452803376	32	466	log2(tiles)=0.00 log10(pixels)=0.50
-0.0228787452803376	33	467	log2(tiles)=0.00 log10(pixels)=0.50
0	37	468	log2(tiles)=0.00 log10(pixels)=0.00
0	38	469	log2(tiles)=0.00 log10(pixels)=0.00
0.0281512503836436	17	470	log2(tiles)=0.00 log10(pixels)=0.75
-0.0228787452803376	34	471	log2(tiles)=0.00 log10(pixels)=0.50
0	39	472	log2(tiles)=0.00 log10(pixels)=0.00
0	40	473	log2(tiles)=0.00 log10(pixels)=0.00
-0.0228787452803376	35	474	log2(tiles)=0.00 log10(pixels)=0.50
0.0510299956639812	43	475	log2(tiles)=0.00 log10(pixels)=0.25
-0.0510299956639812	24	476	log2(tiles)=0.00 log10(pixels)=0.75
0	41	477	log2(tiles)=0.00 log10(pixels)=0.00
0.0510299956639812	44	478	log2(tiles)=0.00 log10(pixels)=0.25
0.0510299956639812	45	479	log2(tiles)=0.00 log10(pixels)=0.25
0	42	480	log2(tiles)=0.00 log10(pixels)=0.00
0.0281512503836436	18	481	log2(tiles)=0.00 log10(pixels)=0.75
0	43	482	log2(tiles)=0.00 log10(pixels)=0.00
0.0510299956639812	46	483	log2(tiles)=0.00 log10(pixels)=0.25
0	44	484	log2(tiles)=0.00 log10(pixels)=0.00
0	45	485	log2(tiles)=0.00 log10(pixels)=0.00
0	46	486	log2(tiles)=0.00 log10(pixels)=0.00
0	47	487	log2(tiles)=0.00 log10(pixels)=0.00
0.0510299956639812	47	488	log2(tiles)=0.00 log10(pixels)=0.25
-0.0510299956639812	25	489	log2(tiles)=0.00 log10(pixels)=0.75
0	48	490	log2(tiles)=0.00 log10(pixels)=0.00
0	49	491	log2(tiles)=0.00 log10(pixels)=0.00
0	50	492	log2(tiles)=0.00 log10(pixels)=0.00
0.102059991327962	28	493	log2(tiles)=0.00 log10(pixels)=0.50
0	51	494	log2(tiles)=0.00 log10(pixels)=0.00
0	52	495	log2(tiles)=0.00 log10(pixels)=0.00
0.0510299956639812	48	496	log2(tiles)=0.00 log10(pixels)=0.25
0	53	497	log2(tiles)=0.00 log10(pixels)=0.00
0	54	498	log2(tiles)=0.00 log10(pixels)=0.00
0	55	499	log2(tiles)=0.00 log10(pixels)=0.00
0	56	500	log2(tiles)=0.00 log10(pixels)=0.00
0.0413926851582249	9	501	log2(tiles)=0.00 log10(pixels)=1.00
0	57	502	log2(tiles)=0.00 log10(pixels)=0.00
0	58	503	log2(tiles)=0.00 log10(pixels)=0.00
0.0950980400142568	13	504	log2(tiles)=0.00 log10(pixels)=0.75
0	59	505	log2(tiles)=0.00 log10(pixels)=0.00
0	60	506	log2(tiles)=0.00 log10(pixels)=0.00
0.0510299956639813	3	507	log2(tiles)=0.00 log10(pixels)=1.25
0	61	508	log2(tiles)=0.00 log10(pixels)=0.00
-0.0457574905606751	8	509	log2(tiles)=0.00 log10(pixels)=1.00
0	62	510	log2(tiles)=0.00 log10(pixels)=0.00
0	63	511	log2(tiles)=0.00 log10(pixels)=0.00
0	64	512	log2(tiles)=0.00 log10(pixels)=0.00
0	65	513	log2(tiles)=0.00 log10(pixels)=0.00
0	66	514	log2(tiles)=0.00 log10(pixels)=0.00
0.0510299956639812	49	515	log2(tiles)=0.00 log10(pixels)=0.25
0	67	516	log2(tiles)=0.00 log10(pixels)=0.00
0.0281512503836436	19	517	log2(tiles)=0.00 log10(pixels)=0.75
0.0413926851582249	10	518	log2(tiles)=0.00 log10(pixels)=1.00
0.113943352306837	4	519	log2(tiles)=0.00 log10(pixels)=1.00
0	68	520	log2(tiles)=0.00 log10(pixels)=0.00
0.102059991327962	29	521	log2(tiles)=0.00 log10(pixels)=0.50
0	69	522	log2(tiles)=0.00 log10(pixels)=0.00
0	70	523	log2(tiles)=0.00 log10(pixels)=0.00
0.102059991327963	5	524	log2(tiles)=0.00 log10(pixels)=1.50
0.0510299956639812	50	525	log2(tiles)=0.00 log10(pixels)=0.25
0.102059991327962	30	526	log2(tiles)=0.00 log10(pixels)=0.50
-0.0510299956639812	26	527	log2(tiles)=0.00 log10(pixels)=0.75
0	71	528	log2(tiles)=0.00 log10(pixels)=0.00
0	72	529	log2(tiles)=0.00 log10(pixels)=0.00
0.102059991327962	31	530	log2(tiles)=0.00 log10(pixels)=0.50
-0.0457574905606751	9	531	log2(tiles)=0.00 log10(pixels)=1.00
0	73	532	log2(tiles)=0.00 log10(pixels)=0.00
0.0950980400142568	14	533	log2(tiles)=0.00 log10(pixels)=0.75
-0.0969100130080565	12	534	log2(tiles)=0.00 log10(pixels)=1.00
-0.0228787452803376	36	535	log2(tiles)=0.00 log10(pixels)=0.50
0	74	536	log2(tiles)=0.00 log10(pixels)=0.00
-0.0510299956639812	27	537	log2(tiles)=0.00 log10(pixels)=0.75
0	75	538	log2(tiles)=0.00 log10(pixels)=0.00
0	76	539	log2(tiles)=0.00 log10(pixels)=0.00
0	77	540	log2(tiles)=0.00 log10(pixels)=0.00
0.0281512503836436	20	541	log2(tiles)=0.00 log10(pixels)=0.75
-0.0458800173440752	7	542	log2(tiles)=0.00 log10(pixels)=1.25
0.102059991327962	32	543	log2(tiles)=0.00 log10(pixels)=0.50
0	78	544	log2(tiles)=0.00 log10(pixels)=0.00
0	79	545	log2(tiles)=0.00 log10(pixels)=0.00
-0.0510299956639812	28	546	log2(tiles)=0.00 log10(pixels)=0.75
0.0510299956639812	51	547	log2(tiles)=0.00 log10(pixels)=0.25
0.0510299956639812	52	548	log2(tiles)=0.00 log10(pixels)=0.25
0.0510299956639812	53	549	log2(tiles)=0.00 log10(pixels)=0.25
-0.0228787452803376	37	550	log2(tiles)=0.00 log10(pixels)=0.50
0.0281512503836436	21	551	log2(tiles)=0.00 log10(pixels)=0.75
0.00527250510330601	7	552	log2(tiles)=0.00 log10(pixels)=1.25
0	80	553	log2(tiles)=0.00 log10(pixels)=0.00
0	81	554	log2(tiles)=0.00 log10(pixels)=0.00
0.0797835966168101	3	555	log2(tiles)=0.00 log10(pixels)=1.50
-0.0457574905606751	10	556	log2(tiles)=0.00 log10(pixels)=1.00
-0.0228787452803376	38	557	log2(tiles)=0.00 log10(pixels)=0.50
0	82	558	log2(tiles)=0.00 log10(pixels)=0.00
0.0281512503836436	22	559	log2(tiles)=0.00 log10(pixels)=0.75
0.0281512503836436	23	560	log2(tiles)=0.00 log10(pixels)=0.75
0	83	561	log2(tiles)=0.00 log10(pixels)=0.00
0	84	562	log2(tiles)=0.00 log10(pixels)=0.00
0	6	563	log2(tiles)=0.00 log10(pixels)=1.00
0	85	564	log2(tiles)=0.00 log10(pixels)=0.00
0	86	565	log2(tiles)=0.00 log10(pixels)=0.00
-0.0969100130080565	13	566	log2(tiles)=0.00 log10(pixels)=1.00
-0.0510299956639812	29	567	log2(tiles)=0.00 log10(pixels)=0.75
0	87	568	log2(tiles)=0.00 log10(pixels)=0.00
0	88	569	log2(tiles)=0.00 log10(pixels)=0.00
0	89	570	log2(tiles)=0.00 log10(pixels)=0.00
0	90	571	log2(tiles)=0.00 log10(pixels)=0.00
0	7	572	log2(tiles)=0.00 log10(pixels)=1.00
-0.0228787452803376	39	573	log2(tiles)=0.00 log10(pixels)=0.50
0.0510299956639812	54	574	log2(tiles)=0.00 log10(pixels)=0.25
0.0791812460476249	7	575	log2(tiles)=0.00 log10(pixels)=1.00
0.0510299956639812	55	576	log2(tiles)=0.00 log10(pixels)=0.25
0	91	577	log2(tiles)=0.00 log10(pixels)=0.00
-0.0510299956639812	30	578	log2(tiles)=0.00 log10(pixels)=0.75
0.0722192947339193	4	579	log2(tiles)=0.00 log10(pixels)=1.25
0.0950980400142568	15	580	log2(tiles)=0.00 log10(pixels)=0.75
0	92	581	log2(tiles)=0.00 log10(pixels)=0.00
0	93	582	log2(tiles)=0.00 log10(pixels)=0.00
0	94	583	log2(tiles)=0.00 log10(pixels)=0.00
0	95	584	log2(tiles)=0.00 log10(pixels)=0.00
0	96	585	log2(tiles)=0.00 log10(pixels)=0.00
0	97	586	log2(tiles)=0.00 log10(pixels)=0.00
0	98	587	log2(tiles)=0.00 log10(pixels)=0.00
0	99	588	log2(tiles)=0.00 log10(pixels)=0.00
-0.0969100130080565	14	589	log2(tiles)=0.00 log10(pixels)=1.00
0.102059991327962	33	590	log2(tiles)=0.00 log10(pixels)=0.50
0	100	591	log2(tiles)=0.00 log10(pixels)=0.00
0	101	592	log2(tiles)=0.00 log10(pixels)=0.00
0.102059991327962	2	593	log2(tiles)=1.00 log10(pixels)=0.50
-0.0228787452803376	40	594	log2(tiles)=0.00 log10(pixels)=0.50
-0.119788758288394	1	595	log2(tiles)=1.00 log10(pixels)=1.50
-0.0228787452803376	41	596	log2(tiles)=0.00 log10(pixels)=0.50
0.0413926851582249	11	597	log2(tiles)=0.00 log10(pixels)=1.00
0.0510299956639812	56	598	log2(tiles)=0.00 log10(pixels)=0.25
0.0510299956639812	57	599	log2(tiles)=0.00 log10(pixels)=0.25
-0.0228787452803376	42	600	log2(tiles)=0.00 log10(pixels)=0.50
0.0493405494535817	1	601	log2(tiles)=0.00 log10(pixels)=1.75
0.0281512503836436	24	602	log2(tiles)=0.00 log10(pixels)=0.75
-0.0228787452803376	43	603	log2(tiles)=0.00 log10(pixels)=0.50
0	102	604	log2(tiles)=0.00 log10(pixels)=0.00
0	103	605	log2(tiles)=0.00 log10(pixels)=0.00
-0.0228787452803376	44	606	log2(tiles)=0.00 log10(pixels)=0.50
0	104	607	log2(tiles)=0.00 log10(pixels)=0.00
0	105	608	log2(tiles)=0.00 log10(pixels)=0.00
0.102059991327962	34	609	log2(tiles)=0.00 log10(pixels)=0.50
0	106	610	log2(tiles)=0.00 log10(pixels)=0.00
0	107	611	log2(tiles)=0.00 log10(pixels)=0.00
0	108	612	log2(tiles)=0.00 log10(pixels)=0.00
0	109	613	log2(tiles)=0.00 log10(pixels)=0.00
0	110	614	log2(tiles)=0.00 log10(pixels)=0.00
0.0510299956639812	58	615	log2(tiles)=0.00 log10(pixels)=0.25
0.0510299956639812	59	616	log2(tiles)=0.00 log10(pixels)=0.25
-0.0598039199714864	1	617	log2(tiles)=1.00 log10(pixels)=1.75
-0.0228787452803376	45	618	log2(tiles)=0.00 log10(pixels)=0.50
0.0659703454569178	2	619	log2(tiles)=1.00 log10(pixels)=2.25
-0.0195510786217261	7	620	log2(tiles)=0.00 log10(pixels)=1.25
-0.0228787452803376	46	621	log2(tiles)=0.00 log10(pixels)=0.50
0	111	622	log2(tiles)=0.00 log10(pixels)=0.00
0.0510299956639812	60	623	log2(tiles)=0.00 log10(pixels)=0.25
0.0510299956639812	61	624	log2(tiles)=0.00 log10(pixels)=0.25
0	112	625	log2(tiles)=0.00 log10(pixels)=0.00
-0.0969100130080565	15	626	log2(tiles)=0.00 log10(pixels)=1.00
0	113	627	log2(tiles)=0.00 log10(pixels)=0.00
0.0510299956639812	62	628	log2(tiles)=0.00 log10(pixels)=0.25
-0.0969100130080565	16	629	log2(tiles)=0.00 log10(pixels)=1.00
0.0281512503836436	25	630	log2(tiles)=0.00 log10(pixels)=0.75
-0.0510299956639812	31	631	log2(tiles)=0.00 log10(pixels)=0.75
0	114	632	log2(tiles)=0.00 log10(pixels)=0.00
0.0950980400142568	16	633	log2(tiles)=0.00 log10(pixels)=0.75
0	115	634	log2(tiles)=0.00 log10(pixels)=0.00
0	8	635	log2(tiles)=0.00 log10(pixels)=1.00
0	116	636	log2(tiles)=0.00 log10(pixels)=0.00
0.102059991327962	35	637	log2(tiles)=0.00 log10(pixels)=0.50
0	117	638	log2(tiles)=0.00 log10(pixels)=0.00
-0.0969100130080565	17	639	log2(tiles)=0.00 log10(pixels)=1.00
0	118	640	log2(tiles)=0.00 log10(pixels)=0.00
0	119	641	log2(tiles)=0.00 log10(pixels)=0.00
0	120	642	log2(tiles)=0.00 log10(pixels)=0.00
0	121	643	log2(tiles)=0.00 log10(pixels)=0.00
0	122	644	log2(tiles)=0.00 log10(pixels)=0.00
0.0287536009528289	2	645	log2(tiles)=0.00 log10(pixels)=1.25
0.102059991327962	36	646	log2(tiles)=0.00 log10(pixels)=0.50
0	9	647	log2(tiles)=0.00 log10(pixels)=1.00
0	123	648	log2(tiles)=0.00 log10(pixels)=0.00
-0.0510299956639812	32	649	log2(tiles)=0.00 log10(pixels)=0.75
0	124	650	log2(tiles)=0.00 log10(pixels)=0.00
0	125	651	log2(tiles)=0.00 log10(pixels)=0.00
0.0510299956639812	63	652	log2(tiles)=0.00 log10(pixels)=0.25
-0.0969100130080565	18	653	log2(tiles)=0.00 log10(pixels)=1.00
0	126	654	log2(tiles)=0.00 log10(pixels)=0.00
0.0281512503836436	26	655	log2(tiles)=0.00 log10(pixels)=0.75
0	127	656	log2(tiles)=0.00 log10(pixels)=0.00
0	128	657	log2(tiles)=0.00 log10(pixels)=0.00
0	129	658	log2(tiles)=0.00 log10(pixels)=0.00
0.0510299956639812	64	659	log2(tiles)=0.00 log10(pixels)=0.25
0	130	660	log2(tiles)=0.00 log10(pixels)=0.00
-0.0228787452803376	1	661	log2(tiles)=1.00 log10(pixels)=0.50
0	10	662	log2(tiles)=0.00 log10(pixels)=1.00
-0.0739087409443187	3	663	log2(tiles)=0.00 log10(pixels)=1.25
0.113943352306837	3	664	log2(tiles)=1.00 log10(pixels)=1.00
-0.0739087409443187	4	665	log2(tiles)=0.00 log10(pixels)=1.25
0	131	666	log2(tiles)=0.00 log10(pixels)=0.00
0	132	667	log2(tiles)=0.00 log10(pixels)=0.00
0	133	668	log2(tiles)=0.00 log10(pixels)=0.00
-0.0228787452803376	47	669	log2(tiles)=0.00 log10(pixels)=0.50
0.0791812460476249	8	670	log2(tiles)=0.00 log10(pixels)=1.00
0	134	671	log2(tiles)=0.00 log10(pixels)=0.00
0.113943352306837	5	672	log2(tiles)=0.00 log10(pixels)=1.00
0.0510299956639812	65	673	log2(tiles)=0.00 log10(pixels)=0.25
-0.0195510786217261	8	674	log2(tiles)=0.00 log10(pixels)=1.25
-0.0228787452803376	48	675	log2(tiles)=0.00 log10(pixels)=0.50
0	135	676	log2(tiles)=0.00 log10(pixels)=0.00
0	136	677	log2(tiles)=0.00 log10(pixels)=0.00
0.102059991327962	37	678	log2(tiles)=0.00 log10(pixels)=0.50
-0.0969100130080565	19	679	log2(tiles)=0.00 log10(pixels)=1.00
0.0510299956639812	66	680	log2(tiles)=0.00 log10(pixels)=0.25
0	137	681	log2(tiles)=0.00 log10(pixels)=0.00
0	138	682	log2(tiles)=0.00 log10(pixels)=0.00
0.0281512503836436	27	683	log2(tiles)=0.00 log10(pixels)=0.75
0	139	684	log2(tiles)=0.00 log10(pixels)=0.00
0.0950980400142568	17	685	log2(tiles)=0.00 log10(pixels)=0.75
0	140	686	log2(tiles)=0.00 log10(pixels)=0.00
0	141	687	log2(tiles)=0.00 log10(pixels)=0.00
0	142	688	log2(tiles)=0.00 log10(pixels)=0.00
-0.0739087409443187	5	689	log2(tiles)=0.00 log10(pixels)=1.25
0	143	690	log2(tiles)=0.00 log10(pixels)=0.00
-0.0510299956639812	33	691	log2(tiles)=0.00 log10(pixels)=0.75
0	144	692	log2(tiles)=0.00 log10(pixels)=0.00
0	145	693	log2(tiles)=0.00 log10(pixels)=0.00
0	146	694	log2(tiles)=0.00 log10(pixels)=0.00
0.0510299956639812	67	695	log2(tiles)=0.00 log10(pixels)=0.25
0	147	696	log2(tiles)=0.00 log10(pixels)=0.00
0.0722192947339193	5	697	log2(tiles)=0.00 log10(pixels)=1.25
0	148	698	log2(tiles)=0.00 log10(pixels)=0.00
0	149	699	log2(tiles)=0.00 log10(pixels)=0.00
0.102059991327962	38	700	log2(tiles)=0.00 log10(pixels)=0.50
-0.0228787452803376	49	701	log2(tiles)=0.00 log10(pixels)=0.50
0.0950980400142568	18	702	log2(tiles)=0.00 log10(pixels)=0.75
-0.0739087409443187	6	703	log2(tiles)=0.00 log10(pixels)=1.25
0	150	704	log2(tiles)=0.00 log10(pixels)=0.00
-0.0228787452803376	50	705	log2(tiles)=0.00 log10(pixels)=0.50
0.0563025007672873	4	706	log2(tiles)=0.00 log10(pixels)=1.50
0.0791812460476249	9	707	log2(tiles)=0.00 log10(pixels)=1.00
0.0510299956639812	68	708	log2(tiles)=0.00 log10(pixels)=0.25
-0.0228787452803376	51	709	log2(tiles)=0.00 log10(pixels)=0.50
0	151	710	log2(tiles)=0.00 log10(pixels)=0.00
0	152	711	log2(tiles)=0.00 log10(pixels)=0.00
0.0510299956639812	69	712	log2(tiles)=0.00 log10(pixels)=0.25
0	153	713	log2(tiles)=0.00 log10(pixels)=0.00
0	154	714	log2(tiles)=0.00 log10(pixels)=0.00
-0.0969100130080565	20	715	log2(tiles)=0.00 log10(pixels)=1.00
0.0510299956639812	70	716	log2(tiles)=0.00 log10(pixels)=0.25
0	155	717	log2(tiles)=0.00 log10(pixels)=0.00
-0.103871964321762	5	718	log2(tiles)=0.00 log10(pixels)=1.25
0.102059991327962	39	719	log2(tiles)=0.00 log10(pixels)=0.50
0.102059991327962	40	720	log2(tiles)=0.00 log10(pixels)=0.50
-0.0228787452803376	52	721	log2(tiles)=0.00 log10(pixels)=0.50
0.00527250510330601	8	722	log2(tiles)=0.00 log10(pixels)=1.25
0.102059991327962	41	723	log2(tiles)=0.00 log10(pixels)=0.50
0.0510299956639812	71	724	log2(tiles)=0.00 log10(pixels)=0.25
0	156	725	log2(tiles)=0.00 log10(pixels)=0.00
0	157	726	log2(tiles)=0.00 log10(pixels)=0.00
0	158	727	log2(tiles)=0.00 log10(pixels)=0.00
0	159	728	log2(tiles)=0.00 log10(pixels)=0.00
0	160	729	log2(tiles)=0.00 log10(pixels)=0.00
0	161	730	log2(tiles)=0.00 log10(pixels)=0.00
0.0510299956639812	72	731	log2(tiles)=0.00 log10(pixels)=0.25
0.0950980400142568	19	732	log2(tiles)=0.00 log10(pixels)=0.75
-0.0195510786217261	9	733	log2(tiles)=0.00 log10(pixels)=1.25
-0.0969100130080565	21	734	log2(tiles)=0.00 log10(pixels)=1.00
0.068201724066995	2	735	log2(tiles)=1.00 log10(pixels)=1.50
0	162	736	log2(tiles)=0.00 log10(pixels)=0.00
0	163	737	log2(tiles)=0.00 log10(pixels)=0.00
-0.0686362358410126	3	738	log2(tiles)=0.00 log10(pixels)=1.50
0.102059991327962	42	739	log2(tiles)=0.00 log10(pixels)=0.50
0	164	740	log2(tiles)=0.00 log10(pixels)=0.00
0	165	741	log2(tiles)=0.00 log10(pixels)=0.00
0	166	742	log2(tiles)=0.00 log10(pixels)=0.00
0.0510299956639812	73	743	log2(tiles)=0.00 log10(pixels)=0.25
0.0950980400142568	20	744	log2(tiles)=0.00 log10(pixels)=0.75
-0.0228787452803376	53	745	log2(tiles)=0.00 log10(pixels)=0.50
0	167	746	log2(tiles)=0.00 log10(pixels)=0.00
-0.0228787452803376	54	747	log2(tiles)=0.00 log10(pixels)=0.50
0	168	748	log2(tiles)=0.00 log10(pixels)=0.00
0	169	749	log2(tiles)=0.00 log10(pixels)=0.00
0.0510299956639812	74	750	log2(tiles)=0.00 log10(pixels)=0.25
0	170	751	log2(tiles)=0.00 log10(pixels)=0.00
-0.0510299956639812	34	752	log2(tiles)=0.00 log10(pixels)=0.75
