group	x	y	clickSelects
480	-45.25	48.75	4
480	-45.25	49.25	4
480	-41.75	49.25	4
480	-41.25	48.75	4
480	-41.25	48.25	4
480	-41.75	47.75	4
480	-41.75	47.25	4
480	-40.25	45.75	4
480	-39.75	45.75	4
480	-39.25	46.25	4
480	-38.75	46.25	4
480	-38.25	45.75	4
480	-38.25	45.25	4
480	-38.75	44.75	4
480	-39.75	44.75	4
480	-40.25	44.25	4
480	-40.75	44.25	4
480	-41.25	44.75	4
480	-42.25	44.75	4
480	-42.75	45.25	4
480	-42.75	46.25	4
480	-43.75	46.25	4
480	-44.25	46.75	4
480	-45.25	46.75	4
480	-45.25	48.75	4
483	-34.25	48.75	4
483	-34.25	49.25	4
483	-33.75	49.25	4
483	-33.75	48.75	4
483	-34.25	48.75	4
484	-33.25	49.25	4
484	-33.25	48.75	4
484	-32.75	48.75	4
484	-32.75	49.25	4
484	-33.25	49.25	4
485	-32.25	49.25	4
485	-32.25	48.75	4
485	-31.75	48.75	4
485	-31.75	49.25	4
485	-32.25	49.25	4
167	-45.25	45.75	19
167	-45.25	46.25	19
167	-44.75	46.75	19
167	-44.25	46.75	19
167	-43.75	46.25	19
167	-42.75	46.25	19
167	-42.75	45.25	19
167	-42.25	44.75	19
167	-41.25	44.75	19
167	-40.75	44.25	19
167	-40.25	44.25	19
167	-39.75	44.75	19
167	-38.75	44.75	19
167	-38.25	45.25	19
167	-38.25	45.75	19
167	-38.75	46.25	19
167	-39.25	46.25	19
167	-39.75	45.75	19
167	-40.25	45.75	19
167	-41.75	47.25	19
167	-41.75	47.75	19
167	-41.25	48.25	19
167	-41.25	49.25	19
167	-38.75	49.25	19
167	-38.75	48.25	19
167	-38.25	47.75	19
167	-37.75	47.75	19
167	-37.75	48.25	19
167	-38.25	48.75	19
167	-38.25	49.25	19
167	-34.75	49.25	19
167	-34.25	48.75	19
167	-31.25	48.75	19
167	-31.25	47.75	19
167	-30.25	47.75	19
167	-30.25	46.75	19
167	-29.75	46.75	19
167	-29.25	47.25	19
167	-29.25	48.25	19
167	-28.75	48.25	19
167	-27.75	47.25	19
167	-27.75	46.25	19
167	-26.75	45.25	19
167	-26.75	44.75	19
167	-27.75	44.75	19
167	-27.75	41.25	19
167	-27.25	40.75	19
167	-26.75	40.75	19
167	-26.75	41.75	19
167	-26.25	41.75	19
167	-25.75	41.25	19
167	-25.25	41.25	19
167	-24.75	41.75	19
167	-24.75	42.25	19
167	-25.25	42.75	19
167	-25.25	43.25	19
167	-24.75	43.25	19
167	-24.25	42.75	19
167	-23.75	42.75	19
167	-23.25	43.25	19
167	-23.25	44.75	19
167	-24.25	44.75	19
167	-24.25	45.25	19
167	-23.75	45.75	19
167	-22.25	45.75	19
167	-21.75	45.25	19
167	-21.25	45.25	19
167	-21.25	46.25	19
167	-20.25	46.25	19
167	-20.25	46.75	19
167	-20.75	47.25	19
167	-20.75	47.75	19
167	-20.25	48.25	19
167	-20.25	49.25	19
167	-18.75	49.25	19
167	-17.75	48.25	19
167	-16.75	48.25	19
167	-16.25	47.75	19
167	-15.75	47.75	19
167	-15.75	48.75	19
167	-14.25	48.75	19
167	-14.25	48.25	19
167	-15.25	47.25	19
167	-15.25	45.75	19
167	-14.75	45.25	19
167	-14.75	44.25	19
167	-13.75	44.25	19
167	-13.75	41.75	19
167	-14.25	41.25	19
167	-14.75	41.25	19
167	-14.75	42.25	19
167	-15.25	42.25	19
167	-16.25	41.25	19
167	-16.75	41.25	19
167	-17.25	41.75	19
167	-17.75	41.75	19
167	-18.25	41.25	19
167	-18.25	40.25	19
167	-18.75	39.75	19
167	-18.75	39.25	19
167	-17.75	39.25	19
167	-17.25	38.75	19
167	-16.25	38.75	19
167	-15.25	37.75	19
167	-14.25	37.75	19
167	-13.25	36.75	19
167	-13.25	36.25	19
167	-14.25	35.25	19
167	-14.25	34.75	19
167	-13.25	34.75	19
167	-13.25	33.75	19
167	-12.75	33.75	19
167	-12.25	34.25	19
167	-10.75	34.25	19
167	-9.25	32.75	19
167	-9.25	31.75	19
167	-8.25	31.75	19
167	-8.25	31.25	19
167	-8.75	30.75	19
167	-9.75	30.75	19
167	-10.25	30.25	19
167	-10.75	30.25	19
167	-10.75	30.75	19
167	-10.25	31.25	19
167	-10.25	31.75	19
167	-10.75	32.25	19
167	-10.75	33.25	19
167	-11.25	33.25	19
167	-11.75	32.75	19
167	-11.75	32.25	19
167	-11.25	31.75	19
167	-11.25	31.25	19
167	-12.75	31.25	19
167	-12.75	32.25	19
167	-13.75	32.25	19
167	-13.75	33.25	19
167	-15.25	33.25	19
167	-15.75	32.75	19
167	-15.75	32.25	19
167	-15.25	31.75	19
167	-14.25	31.75	19
167	-14.25	31.25	19
167	-14.75	30.75	19
167	-15.25	30.75	19
167	-16.25	31.75	19
167	-16.75	31.75	19
167	-17.75	30.75	19
167	-17.75	29.75	19
167	-18.75	28.75	19
167	-18.75	28.25	19
167	-18.25	27.75	19
167	-18.25	27.25	19
167	-18.75	26.75	19
167	-18.75	26.25	19
167	-18.25	26.25	19
167	-16.75	27.75	19
167	-16.75	28.25	19
167	-17.25	28.75	19
167	-17.25	29.25	19
167	-16.75	29.75	19
167	-15.25	29.75	19
167	-14.25	28.75	19
167	-14.25	27.75	19
167	-13.75	27.75	19
167	-13.25	28.25	19
167	-12.75	28.25	19
167	-12.75	27.75	19
167	-14.25	26.25	19
167	-14.25	25.25	19
167	-14.75	24.75	19
167	-15.25	24.75	19
167	-15.25	25.75	19
167	-16.75	25.75	19
167	-16.75	24.75	19
167	-17.25	24.25	19
167	-18.75	24.25	19
167	-18.75	25.25	19
167	-20.25	25.25	19
167	-20.25	24.25	19
167	-20.75	24.25	19
167	-21.25	24.75	19
167	-22.25	24.75	19
167	-22.25	25.75	19
167	-23.25	26.75	19
167	-23.75	26.75	19
167	-24.75	25.75	19
167	-24.75	25.25	19
167	-24.25	24.75	19
167	-24.25	23.75	19
167	-23.75	23.75	19
167	-23.25	24.25	19
167	-22.75	24.25	19
167	-21.75	23.25	19
167	-20.75	23.25	19
167	-20.25	22.75	19
167	-18.25	22.75	19
167	-18.25	22.25	19
167	-19.25	21.25	19
167	-20.25	21.25	19
167	-20.25	20.75	19
167	-19.75	20.25	19
167	-19.75	19.75	19
167	-20.75	18.75	19
167	-20.75	16.75	19
167	-21.25	16.75	19
167	-22.25	17.75	19
167	-22.75	17.75	19
167	-23.25	17.25	19
167	-23.25	16.25	19
167	-23.75	16.25	19
167	-24.75	17.25	19
167	-25.75	17.25	19
167	-25.75	17.75	19
167	-25.25	18.25	19
167	-24.75	18.25	19
167	-24.25	17.75	19
167	-23.75	17.75	19
167	-23.25	18.25	19
167	-23.25	18.75	19
167	-24.25	18.75	19
167	-24.25	19.25	19
167	-23.75	19.75	19
167	-23.75	20.75	19
167	-21.75	20.75	19
167	-21.75	22.25	19
167	-22.75	23.25	19
167	-23.25	23.25	19
167	-23.25	22.25	19
167	-24.25	21.25	19
167	-24.75	21.25	19
167	-24.75	21.75	19
167	-24.25	22.25	19
167	-24.25	22.75	19
167	-24.75	23.25	19
167	-25.25	23.25	19
167	-26.25	22.25	19
167	-26.25	21.75	19
167	-25.25	21.75	19
167	-25.25	19.25	19
167	-26.75	19.25	19
167	-26.75	20.25	19
167	-27.25	20.25	19
167	-27.75	19.75	19
167	-28.25	19.75	19
167	-28.25	20.75	19
167	-29.25	20.75	19
167	-29.25	21.25	19
167	-28.25	22.25	19
167	-28.25	22.75	19
167	-29.25	22.75	19
167	-29.75	23.25	19
167	-30.75	23.25	19
167	-30.75	23.75	19
167	-30.25	24.25	19
167	-28.25	24.25	19
167	-28.25	25.25	19
167	-27.25	26.25	19
167	-26.25	26.25	19
167	-25.75	26.75	19
167	-25.75	27.25	19
167	-26.75	27.25	19
167	-26.75	27.75	19
167	-25.75	28.75	19
167	-25.75	30.75	19
167	-24.75	31.75	19
167	-22.75	31.75	19
167	-21.75	32.75	19
167	-21.75	33.75	19
167	-20.75	34.75	19
167	-20.75	36.25	19
167	-21.75	36.25	19
167	-21.75	36.75	19
167	-20.75	37.75	19
167	-20.75	38.25	19
167	-22.25	39.75	19
167	-23.25	39.75	19
167	-24.25	40.75	19
167	-24.75	40.75	19
167	-24.75	40.25	19
167	-23.75	39.25	19
167	-23.75	38.75	19
167	-25.25	37.25	19
167	-26.25	37.25	19
167	-26.25	35.75	19
167	-24.75	34.25	19
167	-23.75	34.25	19
167	-23.25	33.75	19
167	-22.25	33.75	19
167	-22.25	33.25	19
167	-22.75	32.75	19
167	-24.25	32.75	19
167	-24.75	33.25	19
167	-25.25	33.25	19
167	-26.25	32.25	19
167	-26.75	32.25	19
167	-27.75	33.25	19
167	-27.75	35.75	19
167	-27.25	36.25	19
167	-27.25	38.75	19
167	-29.75	41.25	19
167	-30.25	41.25	19
167	-30.25	40.25	19
167	-30.75	40.25	19
167	-31.25	40.75	19
167	-31.75	40.75	19
167	-32.25	40.25	19
167	-32.25	39.25	19
167	-34.75	39.25	19
167	-34.75	40.25	19
167	-35.25	40.75	19
167	-35.25	41.25	19
167	-33.25	43.25	19
167	-33.25	43.75	19
167	-34.25	44.75	19
167	-34.25	45.75	19
167	-35.25	46.75	19
167	-36.75	46.75	19
167	-36.75	46.25	19
167	-36.25	45.75	19
167	-36.25	45.25	19
167	-37.25	45.25	19
167	-37.75	44.75	19
167	-37.75	44.25	19
167	-36.75	44.25	19
167	-36.75	42.75	19
167	-39.75	42.75	19
167	-41.25	41.25	19
167	-41.75	41.25	19
167	-41.75	41.75	19
167	-40.75	42.75	19
167	-40.75	43.25	19
167	-42.25	43.25	19
167	-42.25	42.25	19
167	-42.75	42.25	19
167	-43.75	43.25	19
167	-44.25	43.25	19
167	-44.25	42.75	19
167	-43.75	42.25	19
167	-43.75	41.75	19
167	-44.75	41.75	19
167	-44.75	39.75	19
167	-45.25	39.75	19
167	-45.25	45.75	19
168	-11.25	48.75	19
168	-11.25	49.25	19
168	-10.75	49.25	19
168	-10.75	48.75	19
168	-11.25	48.75	19
169	-22.25	29.75	19
169	-22.25	30.25	19
169	-21.75	30.25	19
169	-21.75	29.75	19
169	-22.25	29.75	19
170	-21.25	30.25	19
170	-21.25	28.75	19
170	-20.75	28.25	19
170	-20.25	28.25	19
170	-18.75	29.75	19
170	-18.75	30.25	19
170	-19.75	31.25	19
170	-20.25	31.25	19
170	-21.25	30.25	19
171	-19.75	27.25	19
171	-19.75	27.75	19
171	-19.25	27.75	19
171	-19.25	27.25	19
171	-19.75	27.25	19
266	-44.25	42.75	25
266	-44.25	43.25	25
266	-43.75	43.25	25
266	-42.75	42.25	25
266	-42.25	42.25	25
266	-42.25	43.25	25
266	-40.75	43.25	25
266	-40.75	42.75	25
266	-41.75	41.75	25
266	-41.75	41.25	25
266	-41.25	41.25	25
266	-39.75	42.75	25
266	-36.25	42.75	25
266	-35.75	42.25	25
266	-35.75	41.75	25
266	-36.75	41.75	25
266	-37.25	41.25	25
266	-37.25	39.25	25
266	-37.75	39.25	25
266	-38.25	39.75	25
266	-40.75	39.75	25
266	-40.75	38.25	25
266	-40.25	38.25	25
266	-39.75	38.75	25
266	-39.25	38.75	25
266	-38.75	38.25	25
266	-38.75	37.25	25
266	-37.75	37.25	25
266	-37.75	36.25	25
266	-37.25	36.25	25
266	-36.25	37.25	25
266	-35.75	37.25	25
266	-35.25	36.75	25
266	-35.25	36.25	25
266	-35.75	35.75	25
266	-35.75	35.25	25
266	-35.25	35.25	25
266	-33.75	36.75	25
266	-33.75	37.25	25
266	-35.25	38.75	25
266	-36.25	38.75	25
266	-36.25	39.25	25
266	-35.25	40.25	25
266	-34.75	40.25	25
266	-34.75	39.25	25
266	-32.25	39.25	25
266	-32.25	40.25	25
266	-31.75	40.75	25
266	-31.25	40.75	25
266	-30.75	40.25	25
266	-30.25	40.25	25
266	-30.25	41.25	25
266	-29.75	41.25	25
266	-27.75	39.25	25
266	-27.75	38.75	25
266	-28.75	38.75	25
266	-29.25	38.25	25
266	-29.25	37.75	25
266	-28.25	36.75	25
266	-28.25	35.75	25
266	-27.75	35.25	25
266	-27.75	33.25	25
266	-26.75	32.25	25
266	-26.25	32.25	25
266	-25.25	33.25	25
266	-24.75	33.25	25
266	-24.25	32.75	25
266	-22.75	32.75	25
266	-22.25	33.25	25
266	-21.75	33.25	25
266	-21.75	32.75	25
266	-22.75	31.75	25
266	-24.75	31.75	25
266	-25.75	30.75	25
266	-25.75	28.75	25
266	-26.75	27.75	25
266	-27.25	27.75	25
266	-27.75	28.25	25
266	-27.75	28.75	25
266	-26.75	28.75	25
266	-26.75	30.25	25
266	-27.25	30.75	25
266	-28.25	30.75	25
266	-29.75	32.25	25
266	-29.75	33.25	25
266	-31.25	34.75	25
266	-31.75	34.75	25
266	-31.75	33.75	25
266	-32.75	32.75	25
266	-33.25	32.75	25
266	-33.75	33.25	25
266	-33.75	33.75	25
266	-33.25	34.25	25
266	-33.25	34.75	25
266	-33.75	34.75	25
266	-34.25	34.25	25
266	-35.25	34.25	25
266	-36.25	33.25	25
266	-37.25	33.25	25
266	-37.25	32.75	25
266	-36.75	32.25	25
266	-36.75	30.75	25
266	-37.25	30.25	25
266	-37.25	28.75	25
266	-36.25	27.75	25
266	-35.25	27.75	25
266	-34.25	26.75	25
266	-33.75	26.75	25
266	-32.75	27.75	25
266	-32.25	27.75	25
266	-32.25	27.25	25
266	-34.25	25.25	25
266	-35.25	25.25	25
266	-35.25	24.75	25
266	-34.75	24.25	25
266	-34.25	24.25	25
266	-33.75	24.75	25
266	-33.25	24.75	25
266	-33.25	24.25	25
266	-33.75	23.75	25
266	-33.75	19.25	25
266	-33.25	18.75	25
266	-33.25	18.25	25
266	-34.25	18.25	25
266	-34.25	17.75	25
266	-33.75	17.25	25
266	-33.75	15.75	25
266	-34.25	15.25	25
266	-36.75	15.25	25
266	-36.75	16.25	25
266	-37.25	16.25	25
266	-38.25	15.25	25
266	-38.25	14.75	25
266	-37.25	14.75	25
266	-36.25	13.75	25
266	-35.25	13.75	25
266	-35.25	11.75	25
266	-34.75	11.75	25
266	-33.75	12.75	25
266	-33.25	12.75	25
266	-33.25	11.25	25
266	-34.25	11.25	25
266	-34.75	10.75	25
266	-34.75	10.25	25
266	-34.25	9.75	25
266	-34.25	9.25	25
266	-34.75	8.75	25
266	-35.25	8.75	25
266	-35.25	9.75	25
266	-35.75	10.25	25
266	-35.75	11.25	25
266	-36.25	11.75	25
266	-37.25	11.75	25
266	-38.25	12.75	25
266	-38.75	12.75	25
266	-39.25	12.25	25
266	-39.25	11.25	25
266	-39.75	10.75	25
266	-40.75	10.75	25
266	-40.75	10.25	25
266	-40.25	9.75	25
266	-40.25	8.75	25
266	-39.75	8.25	25
266	-39.75	7.75	25
266	-40.25	7.75	25
266	-40.75	8.25	25
266	-41.25	8.25	25
266	-41.25	7.25	25
266	-41.75	6.75	25
266	-41.75	4.25	25
266	-40.75	3.25	25
266	-39.75	3.25	25
266	-39.75	2.75	25
266	-42.75	-0.25	25
266	-45.25	-0.25	25
266	-45.25	13.25	25
266	-44.25	13.25	25
266	-43.75	13.75	25
266	-43.75	14.25	25
266	-44.25	14.75	25
266	-44.25	15.25	25
266	-42.25	15.25	25
266	-40.75	16.75	25
266	-40.25	16.75	25
266	-39.75	16.25	25
266	-39.25	16.25	25
266	-39.25	18.25	25
266	-38.25	18.25	25
266	-38.25	18.75	25
266	-39.75	20.25	25
266	-40.25	20.25	25
266	-40.25	19.25	25
266	-40.75	19.25	25
266	-41.75	20.25	25
266	-41.75	20.75	25
266	-40.75	20.75	25
266	-40.25	21.25	25
266	-39.25	21.25	25
266	-38.75	21.75	25
266	-38.75	22.25	25
266	-40.25	22.25	25
266	-40.75	21.75	25
266	-41.75	21.75	25
266	-42.25	21.25	25
266	-42.75	21.25	25
266	-43.75	22.25	25
266	-44.25	22.25	25
266	-44.75	21.75	25
266	-45.25	21.75	25
266	-45.25	22.25	25
266	-44.75	22.75	25
266	-44.75	23.75	25
266	-44.25	24.25	25
266	-44.25	24.75	25
266	-45.25	25.75	25
266	-45.25	27.25	25
266	-44.75	27.75	25
266	-44.75	28.25	25
266	-45.25	28.75	25
266	-45.25	29.25	25
266	-44.75	29.75	25
266	-44.25	29.75	25
266	-43.25	28.75	25
266	-42.75	28.75	25
266	-42.75	29.25	25
266	-43.25	29.75	25
266	-43.25	30.25	25
266	-42.75	30.75	25
266	-42.75	31.75	25
266	-42.25	31.75	25
266	-41.75	31.25	25
266	-41.25	31.25	25
266	-41.25	31.75	25
266	-41.75	32.25	25
266	-41.75	33.25	25
266	-42.25	33.75	25
266	-42.25	34.75	25
266	-42.75	34.75	25
266	-43.25	34.25	25
266	-43.75	34.25	25
266	-44.25	34.75	25
266	-45.25	34.75	25
266	-45.25	37.25	25
266	-44.75	37.75	25
266	-44.75	38.25	25
266	-45.25	38.75	25
266	-45.25	39.25	25
266	-44.75	39.75	25
266	-44.75	41.75	25
266	-43.75	41.75	25
266	-43.75	42.25	25
266	-44.25	42.75	25
267	-38.25	40.75	25
267	-38.25	41.25	25
267	-37.75	41.25	25
267	-37.75	40.75	25
267	-38.25	40.75	25
268	-42.75	26.25	25
268	-42.75	26.75	25
268	-41.25	26.75	25
268	-41.25	25.75	25
268	-39.75	24.25	25
268	-39.75	23.75	25
268	-40.25	23.75	25
268	-40.75	24.25	25
268	-41.75	24.25	25
268	-41.75	25.25	25
268	-42.75	26.25	25
40	-38.75	48.25	118
40	-38.75	48.75	118
40	-38.25	48.75	118
40	-37.75	48.25	118
40	-37.75	47.75	118
40	-38.25	47.75	118
40	-38.75	48.25	118
740	-45.25	37.75	595
740	-45.25	38.25	595
740	-44.75	38.25	595
740	-44.75	37.75	595
740	-45.25	37.75	595
776	-36.75	46.25	620
776	-36.75	46.75	620
776	-35.25	46.75	620
776	-34.75	46.25	620
776	-34.75	45.75	620
776	-35.25	45.25	620
776	-35.25	44.75	620
776	-33.75	43.25	620
776	-33.75	42.75	620
776	-35.25	42.75	620
776	-35.75	43.25	620
776	-36.75	43.25	620
776	-36.75	44.25	620
776	-37.75	44.25	620
776	-37.75	44.75	620
776	-37.25	45.25	620
776	-36.25	45.25	620
776	-36.25	45.75	620
776	-36.75	46.25	620
962	-40.75	39.25	90
962	-40.75	39.75	90
962	-38.25	39.75	90
962	-38.25	38.75	90
962	-37.75	38.75	90
962	-37.25	39.25	90
962	-37.25	41.25	90
962	-36.75	41.75	90
962	-35.75	41.75	90
962	-35.75	42.25	90
962	-36.25	42.75	90
962	-36.25	43.25	90
962	-35.75	43.25	90
962	-35.25	42.75	90
962	-34.25	42.75	90
962	-34.25	42.25	90
962	-35.25	41.25	90
962	-35.25	40.25	90
962	-36.25	39.25	90
962	-36.25	38.75	90
962	-35.25	38.75	90
962	-33.75	37.25	90
962	-33.75	36.75	90
962	-35.25	35.25	90
962	-35.75	35.25	90
962	-35.75	35.75	90
962	-35.25	36.25	90
962	-35.25	36.75	90
962	-35.75	37.25	90
962	-36.25	37.25	90
962	-37.25	36.25	90
962	-37.75	36.25	90
962	-37.75	37.25	90
962	-38.75	37.25	90
962	-38.75	38.25	90
962	-39.25	38.75	90
962	-39.75	38.75	90
962	-40.25	38.25	90
962	-40.75	38.25	90
962	-40.75	39.25	90
674	-35.25	44.75	537
674	-35.25	45.25	537
674	-34.75	45.75	537
674	-34.25	45.75	537
674	-34.25	44.75	537
674	-33.25	43.75	537
674	-33.25	43.25	537
674	-33.75	43.25	537
674	-35.25	44.75	537
963	-31.25	48.75	91
963	-31.25	49.25	91
963	-20.75	49.25	91
963	-20.25	48.75	91
963	-20.25	48.25	91
963	-20.75	47.75	91
963	-20.75	47.25	91
963	-20.25	46.75	91
963	-20.25	46.25	91
963	-21.25	46.25	91
963	-21.25	45.25	91
963	-21.75	45.25	91
963	-22.25	45.75	91
963	-23.75	45.75	91
963	-24.25	45.25	91
963	-24.25	44.75	91
963	-23.25	44.75	91
963	-23.25	43.25	91
963	-23.75	42.75	91
963	-24.25	42.75	91
963	-24.75	43.25	91
963	-25.25	43.25	91
963	-25.25	42.75	91
963	-24.75	42.25	91
963	-24.75	41.75	91
963	-25.25	41.25	91
963	-25.75	41.25	91
963	-26.25	41.75	91
963	-26.75	41.75	91
963	-26.75	40.75	91
963	-27.25	40.75	91
963	-27.75	41.25	91
963	-27.75	44.75	91
963	-26.75	44.75	91
963	-26.75	45.25	91
963	-27.75	46.25	91
963	-27.75	47.25	91
963	-28.75	48.25	91
963	-29.25	48.25	91
963	-29.25	47.25	91
963	-29.75	46.75	91
963	-30.25	46.75	91
963	-30.25	47.75	91
963	-31.25	47.75	91
963	-31.25	48.75	91
952	-45.25	33.75	83
952	-45.25	34.25	83
952	-44.75	34.75	83
952	-44.25	34.75	83
952	-43.75	34.25	83
952	-43.25	34.25	83
952	-42.75	34.75	83
952	-42.25	34.75	83
952	-42.25	33.75	83
952	-41.75	33.25	83
952	-41.75	32.25	83
952	-41.25	31.75	83
952	-41.25	31.25	83
952	-41.75	31.25	83
952	-42.25	31.75	83
952	-42.75	31.75	83
952	-42.75	30.75	83
952	-43.25	30.25	83
952	-43.25	29.75	83
952	-42.75	29.25	83
952	-42.75	28.75	83
952	-43.25	28.75	83
952	-45.25	30.75	83
952	-45.25	31.25	83
952	-44.25	31.25	83
952	-44.25	31.75	83
952	-44.75	32.25	83
952	-44.75	32.75	83
952	-44.25	33.25	83
952	-44.25	33.75	83
952	-45.25	33.75	83
720	-38.25	40.75	577
720	-38.25	41.25	577
720	-37.75	41.25	577
720	-37.75	40.75	577
720	-38.25	40.75	577
119	-45.25	32.75	160
119	-45.25	33.25	160
119	-44.75	33.75	160
119	-44.25	33.75	160
119	-44.25	33.25	160
119	-44.75	32.75	160
119	-44.75	32.25	160
119	-44.25	31.75	160
119	-44.25	31.25	160
119	-44.75	31.25	160
119	-45.25	31.75	160
119	-45.25	32.75	160
120	-45.25	29.75	160
120	-45.25	30.25	160
120	-44.75	30.25	160
120	-44.75	29.75	160
120	-45.25	29.75	160
121	-45.25	27.75	160
121	-45.25	28.25	160
121	-44.75	28.25	160
121	-44.75	27.75	160
121	-45.25	27.75	160
706	-38.25	38.75	564
706	-38.25	39.25	564
706	-37.75	39.25	564
706	-37.75	38.75	564
706	-38.25	38.75	564
545	-45.25	24.75	44
545	-45.25	25.25	44
545	-44.75	25.25	44
545	-44.25	24.75	44
545	-44.25	24.25	44
545	-44.75	23.75	44
545	-44.75	22.75	44
545	-45.25	22.75	44
545	-45.25	24.75	44
546	-45.25	20.75	44
546	-45.25	21.25	44
546	-44.25	22.25	44
546	-43.75	22.25	44
546	-42.75	21.25	44
546	-42.25	21.25	44
546	-41.75	21.75	44
546	-40.75	21.75	44
546	-40.25	22.25	44
546	-38.75	22.25	44
546	-38.75	21.75	44
546	-39.25	21.25	44
546	-40.25	21.25	44
546	-40.75	20.75	44
546	-41.75	20.75	44
546	-41.75	20.25	44
546	-40.75	19.25	44
546	-40.25	19.25	44
546	-40.25	20.25	44
546	-39.75	20.25	44
546	-38.25	18.75	44
546	-38.25	18.25	44
546	-39.25	18.25	44
546	-39.25	16.25	44
546	-39.75	16.25	44
546	-40.25	16.75	44
546	-40.75	16.75	44
546	-42.25	15.25	44
546	-44.25	15.25	44
546	-44.25	14.75	44
546	-43.75	14.25	44
546	-43.75	13.75	44
546	-44.25	13.25	44
546	-44.75	13.25	44
546	-45.25	13.75	44
546	-45.25	20.75	44
263	-37.25	32.75	247
263	-37.25	33.25	247
263	-36.25	33.25	247
263	-35.25	34.25	247
263	-34.25	34.25	247
263	-33.75	34.75	247
263	-33.25	34.75	247
263	-33.25	34.25	247
263	-33.75	33.75	247
263	-33.75	33.25	247
263	-33.25	32.75	247
263	-33.25	32.25	247
263	-35.25	32.25	247
263	-35.75	31.75	247
263	-35.75	31.25	247
263	-34.75	30.25	247
263	-34.25	30.25	247
263	-33.75	30.75	247
263	-33.25	30.75	247
263	-33.25	29.25	247
263	-34.25	29.25	247
263	-34.25	28.25	247
263	-34.75	27.75	247
263	-36.25	27.75	247
263	-37.25	28.75	247
263	-37.25	30.25	247
263	-36.75	30.75	247
263	-36.75	32.25	247
263	-37.25	32.75	247
391	-42.75	26.25	330
391	-42.75	26.75	330
391	-41.25	26.75	330
391	-41.25	25.75	330
391	-39.75	24.25	330
391	-39.75	23.75	330
391	-40.25	23.75	330
391	-40.75	24.25	330
391	-41.75	24.25	330
391	-41.75	25.25	330
391	-42.75	26.25	330
157	-35.75	31.25	181
157	-35.75	31.75	181
157	-35.25	32.25	181
157	-32.75	32.25	181
157	-32.75	31.25	181
157	-31.75	30.25	181
157	-31.25	30.25	181
157	-31.25	31.25	181
157	-29.75	31.25	181
157	-29.25	30.75	181
157	-29.25	30.25	181
157	-29.75	29.75	181
157	-30.75	29.75	181
157	-30.75	29.25	181
157	-30.25	28.75	181
157	-29.25	28.75	181
157	-29.25	27.75	181
157	-28.75	27.25	181
157	-25.75	27.25	181
157	-25.75	26.75	181
157	-26.25	26.25	181
157	-27.25	26.25	181
157	-28.25	25.25	181
157	-28.25	24.25	181
157	-30.25	24.25	181
157	-30.75	23.75	181
157	-30.75	23.25	181
157	-29.75	23.25	181
157	-29.25	22.75	181
157	-28.25	22.75	181
157	-28.25	22.25	181
157	-29.25	21.25	181
157	-29.25	20.75	181
157	-28.25	20.75	181
157	-28.25	19.75	181
157	-27.75	19.75	181
157	-27.25	20.25	181
157	-26.75	20.25	181
157	-26.75	19.25	181
157	-25.25	19.25	181
157	-25.25	21.25	181
157	-24.25	21.25	181
157	-23.25	22.25	181
157	-22.75	22.25	181
157	-22.75	20.75	181
157	-23.75	20.75	181
157	-23.75	19.75	181
157	-24.25	19.25	181
157	-24.25	18.75	181
157	-23.25	18.75	181
157	-23.25	18.25	181
157	-23.75	17.75	181
157	-24.25	17.75	181
157	-24.75	18.25	181
157	-27.25	18.25	181
157	-27.25	17.25	181
157	-27.75	16.75	181
157	-29.25	16.75	181
157	-29.25	18.25	181
157	-28.25	18.25	181
157	-28.25	18.75	181
157	-28.75	19.25	181
157	-30.25	19.25	181
157	-31.25	18.25	181
157	-31.75	18.25	181
157	-32.25	18.75	181
157	-33.25	18.75	181
157	-33.75	19.25	181
157	-33.75	23.75	181
157	-33.25	24.25	181
157	-33.25	24.75	181
157	-33.75	24.75	181
157	-34.25	24.25	181
157	-34.75	24.25	181
157	-35.25	24.75	181
157	-35.25	25.25	181
157	-34.25	25.25	181
157	-32.25	27.25	181
157	-32.25	27.75	181
157	-32.75	27.75	181
157	-33.75	26.75	181
157	-34.25	26.75	181
157	-34.75	27.25	181
157	-34.75	27.75	181
157	-34.25	28.25	181
157	-34.25	29.25	181
157	-33.25	29.25	181
157	-33.25	30.75	181
157	-33.75	30.75	181
157	-34.25	30.25	181
157	-34.75	30.25	181
157	-35.75	31.25	181
158	-32.25	19.75	181
158	-32.25	20.25	181
158	-31.75	20.25	181
158	-31.75	19.75	181
158	-32.25	19.75	181
497	-29.25	37.75	405
497	-29.25	38.25	405
497	-28.75	38.25	405
497	-28.25	37.75	405
497	-27.25	37.75	405
497	-27.25	36.25	405
497	-27.75	35.75	405
497	-28.25	35.75	405
497	-28.25	36.75	405
497	-29.25	37.75	405
883	-28.75	38.25	701
883	-28.75	38.75	701
883	-27.25	38.75	701
883	-27.25	38.25	701
883	-27.75	37.75	701
883	-28.25	37.75	701
883	-28.75	38.25	701
470	-18.25	48.75	391
470	-18.25	49.25	391
470	-15.75	49.25	391
470	-15.75	47.75	391
470	-16.25	47.75	391
470	-16.75	48.25	391
470	-17.75	48.25	391
470	-18.25	48.75	391
471	-15.25	49.25	391
471	-15.25	48.75	391
471	-14.75	48.75	391
471	-14.75	49.25	391
471	-15.25	49.25	391
954	-31.75	34.25	84
954	-31.75	34.75	84
954	-31.25	34.75	84
954	-29.75	33.25	84
954	-29.75	32.25	84
954	-28.25	30.75	84
954	-27.25	30.75	84
954	-26.75	30.25	84
954	-26.75	28.75	84
954	-27.75	28.75	84
954	-27.75	28.25	84
954	-27.25	27.75	84
954	-27.25	27.25	84
954	-28.75	27.25	84
954	-29.25	27.75	84
954	-29.25	28.75	84
954	-30.25	28.75	84
954	-30.75	29.25	84
954	-30.75	29.75	84
954	-29.75	29.75	84
954	-29.25	30.25	84
954	-29.25	30.75	84
954	-29.75	31.25	84
954	-31.25	31.25	84
954	-31.25	30.25	84
954	-31.75	30.25	84
954	-32.75	31.25	84
954	-32.75	32.75	84
954	-31.75	33.75	84
954	-31.75	34.25	84
31	-24.75	40.25	112
31	-24.75	40.75	112
31	-24.25	40.75	112
31	-23.25	39.75	112
31	-22.25	39.75	112
31	-20.75	38.25	112
31	-20.75	37.75	112
31	-21.75	36.75	112
31	-21.75	36.25	112
31	-20.75	36.25	112
31	-20.75	34.75	112
31	-21.75	33.75	112
31	-23.25	33.75	112
31	-23.75	34.25	112
31	-24.75	34.25	112
31	-26.25	35.75	112
31	-26.25	37.25	112
31	-25.25	37.25	112
31	-23.75	38.75	112
31	-23.75	39.25	112
31	-24.75	40.25	112
64	-14.25	48.75	131
64	-14.25	49.25	131
64	-11.75	49.25	131
64	-11.25	48.75	131
64	-10.75	48.75	131
64	-10.25	49.25	131
64	-2.75	49.25	131
64	-0.25	46.75	131
64	-0.25	46.25	131
64	-1.75	46.25	131
64	-2.25	46.75	131
64	-2.75	46.75	131
64	-3.25	46.25	131
64	-4.75	46.25	131
64	-4.75	47.25	131
64	-5.75	48.25	131
64	-6.25	48.25	131
64	-6.75	47.75	131
64	-6.75	47.25	131
64	-5.75	47.25	131
64	-5.75	46.75	131
64	-6.25	46.25	131
64	-6.25	45.25	131
64	-7.25	44.25	131
64	-7.25	42.75	131
64	-6.25	42.75	131
64	-6.25	42.25	131
64	-6.75	41.75	131
64	-7.25	41.75	131
64	-7.75	42.25	131
64	-8.25	42.25	131
64	-8.25	41.25	131
64	-8.75	40.75	131
64	-9.75	40.75	131
64	-9.75	38.75	131
64	-10.25	38.75	131
64	-11.25	39.75	131
64	-11.25	41.75	131
64	-12.25	41.75	131
64	-12.25	42.25	131
64	-11.25	43.25	131
64	-11.25	44.75	131
64	-11.75	44.75	131
64	-12.25	44.25	131
64	-12.25	43.25	131
64	-13.25	42.25	131
64	-13.75	42.25	131
64	-13.75	44.25	131
64	-14.75	44.25	131
64	-14.75	45.25	131
64	-15.25	45.75	131
64	-15.25	47.25	131
64	-14.25	48.25	131
64	-14.25	48.75	131
771	-18.25	40.75	62
771	-18.25	41.25	62
771	-17.75	41.75	62
771	-17.25	41.75	62
771	-16.75	41.25	62
771	-16.25	41.25	62
771	-15.25	42.25	62
771	-14.75	42.25	62
771	-14.75	41.25	62
771	-14.25	41.25	62
771	-13.75	41.75	62
771	-13.25	41.75	62
771	-12.25	40.75	62
771	-12.25	38.75	62
771	-11.25	38.75	62
771	-11.25	37.75	62
771	-10.25	36.75	62
771	-9.25	36.75	62
771	-8.25	35.75	62
771	-8.25	34.75	62
771	-7.75	34.25	62
771	-7.75	33.75	62
771	-8.75	33.75	62
771	-8.75	33.25	62
771	-8.25	32.75	62
771	-6.75	32.75	62
771	-6.75	33.75	62
771	-5.75	33.75	62
771	-5.75	34.25	62
771	-6.25	34.75	62
771	-6.25	35.25	62
771	-5.25	36.25	62
771	-4.75	36.25	62
771	-4.25	35.75	62
771	-4.25	35.25	62
771	-4.75	34.75	62
771	-4.75	34.25	62
771	-4.25	33.75	62
771	-3.75	33.75	62
771	-3.75	34.75	62
771	-3.25	35.25	62
771	-2.75	35.25	62
771	-1.75	34.25	62
771	-1.75	33.25	62
771	-0.25	33.25	62
771	-0.25	33.75	62
771	-1.75	35.25	62
771	-1.75	36.25	62
771	-2.75	36.25	62
771	-2.75	37.25	62
771	-3.75	37.25	62
771	-4.25	37.75	62
771	-4.75	37.75	62
771	-5.75	36.75	62
771	-6.25	36.75	62
771	-6.25	37.75	62
771	-6.75	38.25	62
771	-6.75	38.75	62
771	-5.75	39.75	62
771	-4.75	39.75	62
771	-3.25	41.25	62
771	-3.25	42.25	62
771	-2.25	42.25	62
771	-1.75	42.75	62
771	-0.75	42.75	62
771	-0.75	43.75	62
771	0.25	43.75	62
771	0.25	44.75	62
771	1.75	44.75	62
771	2.75	43.75	62
771	2.75	43.25	62
771	1.75	43.25	62
771	1.75	42.75	62
771	2.75	41.75	62
771	4.75	41.75	62
771	5.25	41.25	62
771	5.25	34.75	62
771	3.75	34.75	62
771	3.25	35.25	62
771	3.25	36.75	62
771	4.25	37.75	62
771	4.25	39.25	62
771	3.75	39.25	62
771	3.25	38.75	62
771	2.25	38.75	62
771	1.75	38.25	62
771	0.25	38.25	62
771	-0.75	39.25	62
771	-1.25	39.25	62
771	-1.75	38.75	62
771	-1.75	38.25	62
771	-0.75	38.25	62
771	-0.75	36.25	62
771	0.25	35.25	62
771	1.25	35.25	62
771	1.25	34.25	62
771	2.75	32.75	62
771	3.25	32.75	62
771	3.25	33.25	62
771	2.25	34.25	62
771	2.25	34.75	62
771	2.75	34.75	62
771	3.75	33.75	62
771	4.75	33.75	62
771	5.25	33.25	62
771	5.25	32.75	62
771	4.75	32.25	62
771	4.75	30.75	62
771	5.25	30.25	62
771	5.25	24.75	62
771	4.75	24.75	62
771	4.25	25.25	62
771	3.25	25.25	62
771	3.25	26.25	62
771	2.75	26.25	62
771	2.25	25.75	62
771	2.25	25.25	62
771	3.75	23.75	62
771	3.75	22.75	62
771	5.25	21.25	62
771	5.25	17.75	62
771	4.25	17.75	62
771	3.75	17.25	62
771	3.25	17.25	62
771	2.75	17.75	62
771	2.25	17.75	62
771	1.75	17.25	62
771	1.75	15.75	62
771	2.75	15.75	62
771	3.25	15.25	62
771	3.75	15.25	62
771	4.75	16.25	62
771	5.25	16.25	62
771	5.25	12.75	62
771	4.75	12.25	62
771	4.75	11.75	62
771	5.25	11.25	62
771	5.25	8.75	62
771	4.75	8.25	62
771	4.25	8.25	62
771	3.25	9.25	62
771	2.75	9.25	62
771	1.75	8.25	62
771	1.25	8.25	62
771	1.25	9.25	62
771	0.25	9.25	62
771	-0.25	9.75	62
771	-1.25	9.75	62
771	-2.25	10.75	62
771	-2.25	11.75	62
771	-4.25	11.75	62
771	-4.25	12.25	62
771	-3.75	12.75	62
771	-3.75	15.75	62
771	-3.25	16.25	62
771	-2.25	16.25	62
771	-2.25	16.75	62
771	-3.25	17.75	62
771	-3.75	17.75	62
771	-3.75	16.75	62
771	-4.25	16.75	62
771	-5.75	18.25	62
771	-5.75	19.25	62
771	-6.25	19.25	62
771	-6.75	18.75	62
771	-7.75	18.75	62
771	-8.75	17.75	62
771	-9.25	17.75	62
771	-9.75	18.25	62
771	-9.75	19.25	62
771	-11.75	19.25	62
771	-11.75	22.25	62
771	-13.25	22.25	62
771	-13.75	21.75	62
771	-14.25	21.75	62
771	-14.25	22.25	62
771	-13.75	22.75	62
771	-13.75	24.75	62
771	-12.25	24.75	62
771	-12.25	23.75	62
771	-11.75	23.25	62
771	-10.75	23.25	62
771	-10.75	22.25	62
771	-10.25	22.25	62
771	-9.75	22.75	62
771	-9.25	22.75	62
771	-9.25	22.25	62
771	-9.75	21.75	62
771	-9.75	21.25	62
771	-8.75	20.25	62
771	-8.25	20.25	62
771	-8.25	22.25	62
771	-7.75	22.25	62
771	-7.25	21.75	62
771	-7.25	20.75	62
771	-6.75	20.75	62
771	-5.75	21.75	62
771	-5.75	22.25	62
771	-6.75	22.25	62
771	-7.75	23.25	62
771	-7.75	23.75	62
771	-7.25	23.75	62
771	-6.75	23.25	62
771	-6.25	23.25	62
771	-5.75	23.75	62
771	-4.25	23.75	62
771	-4.25	23.25	62
771	-4.75	22.75	62
771	-4.75	22.25	62
771	-1.75	22.25	62
771	-1.25	21.75	62
771	-1.25	21.25	62
771	-3.25	21.25	62
771	-3.25	20.75	62
771	-1.75	19.25	62
771	-1.25	19.25	62
771	-0.75	19.75	62
771	1.25	19.75	62
771	1.75	20.25	62
771	1.75	21.75	62
771	0.75	22.75	62
771	0.25	22.75	62
771	-0.25	22.25	62
771	-0.75	22.25	62
771	-0.75	24.25	62
771	-1.25	24.75	62
771	-1.75	24.75	62
771	-2.75	23.75	62
771	-3.25	23.75	62
771	-3.25	24.25	62
771	-2.25	25.25	62
771	-2.25	25.75	62
771	-2.75	26.25	62
771	-3.25	26.25	62
771	-3.75	25.75	62
771	-4.25	25.75	62
771	-4.25	26.25	62
771	-3.25	27.25	62
771	-3.25	27.75	62
771	-3.75	28.25	62
771	-3.75	29.25	62
771	-4.25	29.25	62
771	-5.25	28.25	62
771	-5.25	27.75	62
771	-4.25	27.75	62
771	-4.25	27.25	62
771	-4.75	26.75	62
771	-6.75	26.75	62
771	-6.75	26.25	62
771	-6.25	25.75	62
771	-6.25	25.25	62
771	-6.75	24.75	62
771	-7.25	24.75	62
771	-7.25	25.75	62
771	-7.75	26.25	62
771	-7.75	26.75	62
771	-6.75	27.75	62
771	-6.75	28.25	62
771	-7.25	28.25	62
771	-7.75	27.75	62
771	-8.25	27.75	62
771	-8.75	28.25	62
771	-9.75	28.25	62
771	-11.75	30.25	62
771	-12.25	30.25	62
771	-12.25	29.75	62
771	-11.75	29.25	62
771	-11.75	28.75	62
771	-12.25	28.75	62
771	-13.25	29.75	62
771	-16.75	29.75	62
771	-17.25	29.25	62
771	-17.25	28.75	62
771	-16.75	28.25	62
771	-16.75	27.75	62
771	-17.25	27.75	62
771	-18.25	28.75	62
771	-18.25	29.25	62
771	-17.75	29.75	62
771	-17.75	30.75	62
771	-16.75	31.75	62
771	-16.25	31.75	62
771	-15.25	30.75	62
771	-14.75	30.75	62
771	-14.25	31.25	62
771	-14.25	31.75	62
771	-15.25	31.75	62
771	-15.75	32.25	62
771	-15.75	32.75	62
771	-15.25	33.25	62
771	-13.75	33.25	62
771	-13.75	32.25	62
771	-12.75	32.25	62
771	-12.75	31.25	62
771	-11.25	31.25	62
771	-11.25	31.75	62
771	-11.75	32.25	62
771	-11.75	32.75	62
771	-11.25	33.25	62
771	-10.75	33.25	62
771	-10.75	32.25	62
771	-10.25	31.75	62
771	-10.25	31.25	62
771	-10.75	30.75	62
771	-10.75	30.25	62
771	-10.25	30.25	62
771	-9.75	30.75	62
771	-8.75	30.75	62
771	-8.25	31.25	62
771	-8.25	31.75	62
771	-9.25	31.75	62
771	-9.25	32.75	62
771	-10.75	34.25	62
771	-12.25	34.25	62
771	-12.75	33.75	62
771	-13.25	33.75	62
771	-13.25	34.75	62
771	-14.25	34.75	62
771	-14.25	35.25	62
771	-13.25	36.25	62
771	-13.25	36.75	62
771	-14.25	37.75	62
771	-15.25	37.75	62
771	-16.25	38.75	62
771	-17.25	38.75	62
771	-17.75	39.25	62
771	-18.75	39.25	62
771	-18.75	39.75	62
771	-18.25	40.25	62
771	-18.25	40.75	62
772	-2.75	30.25	62
772	-2.75	30.75	62
772	-1.25	30.75	62
772	-0.75	30.25	62
772	0.25	30.25	62
772	0.75	29.75	62
772	0.75	29.25	62
772	-0.75	29.25	62
772	-1.25	29.75	62
772	-1.75	29.75	62
772	-1.75	29.25	62
772	-1.25	28.75	62
772	-1.25	28.25	62
772	-1.75	27.75	62
772	-2.25	27.75	62
772	-2.25	28.75	62
772	-2.75	29.25	62
772	-2.75	30.25	62
773	2.75	18.75	62
773	2.75	19.25	62
773	3.25	19.25	62
773	3.25	18.75	62
773	2.75	18.75	62
774	3.75	0.75	62
774	3.75	1.25	62
774	4.75	2.25	62
774	5.25	2.25	62
774	5.25	-0.25	62
774	3.75	-0.25	62
774	3.75	0.75	62
803	-12.25	43.75	64
803	-12.25	44.25	64
803	-11.75	44.75	64
803	-11.25	44.75	64
803	-11.25	43.25	64
803	-12.25	42.25	64
803	-12.25	41.75	64
803	-11.25	41.75	64
803	-11.25	39.75	64
803	-10.25	38.75	64
803	-9.75	38.75	64
803	-9.75	40.75	64
803	-8.75	40.75	64
803	-8.25	41.25	64
803	-8.25	42.25	64
803	-7.75	42.25	64
803	-7.25	41.75	64
803	-6.75	41.75	64
803	-6.25	42.25	64
803	-6.25	42.75	64
803	-7.25	42.75	64
803	-7.25	44.25	64
803	-6.25	45.25	64
803	-6.25	46.25	64
803	-5.75	46.75	64
803	-5.75	47.25	64
803	-6.75	47.25	64
803	-6.75	47.75	64
803	-6.25	48.25	64
803	-5.75	48.25	64
803	-4.75	47.25	64
803	-4.75	45.75	64
803	-5.25	45.25	64
803	-5.25	44.75	64
803	-4.25	44.75	64
803	-4.25	44.25	64
803	-4.75	43.75	64
803	-4.75	43.25	64
803	-2.25	43.25	64
803	-2.25	44.75	64
803	-2.75	45.25	64
803	-3.75	45.25	64
803	-4.25	45.75	64
803	-4.25	46.25	64
803	-0.25	46.25	64
803	-0.25	46.75	64
803	-2.25	48.75	64
803	-2.25	49.25	64
803	-0.75	49.25	64
803	-0.75	48.25	64
803	0.25	47.25	64
803	0.75	47.25	64
803	1.75	48.25	64
803	3.25	48.25	64
803	3.25	47.75	64
803	1.75	46.25	64
803	1.75	45.75	64
803	2.25	45.75	64
803	2.75	46.25	64
803	5.25	46.25	64
803	5.25	41.75	64
803	2.75	41.75	64
803	1.75	42.75	64
803	1.75	43.25	64
803	2.75	43.25	64
803	2.75	43.75	64
803	1.75	44.75	64
803	0.25	44.75	64
803	0.25	43.75	64
803	-0.75	43.75	64
803	-0.75	42.75	64
803	-1.75	42.75	64
803	-2.25	42.25	64
803	-3.25	42.25	64
803	-3.25	41.25	64
803	-4.75	39.75	64
803	-5.75	39.75	64
803	-6.75	38.75	64
803	-6.75	38.25	64
803	-6.25	37.75	64
803	-6.25	36.75	64
803	-5.75	36.75	64
803	-4.75	37.75	64
803	-4.25	37.75	64
803	-3.75	37.25	64
803	-2.75	37.25	64
803	-2.75	36.25	64
803	-1.75	36.25	64
803	-1.75	35.25	64
803	-0.25	33.75	64
803	-0.25	33.25	64
803	-1.75	33.25	64
803	-1.75	34.25	64
803	-2.75	35.25	64
803	-3.25	35.25	64
803	-3.75	34.75	64
803	-3.75	33.75	64
803	-4.25	33.75	64
803	-4.75	34.25	64
803	-4.75	34.75	64
803	-4.25	35.25	64
803	-4.25	35.75	64
803	-4.75	36.25	64
803	-5.25	36.25	64
803	-6.25	35.25	64
803	-6.25	34.75	64
803	-5.75	34.25	64
803	-5.75	33.75	64
803	-6.75	33.75	64
803	-6.75	32.75	64
803	-8.25	32.75	64
803	-8.75	33.25	64
803	-8.75	33.75	64
803	-7.75	33.75	64
803	-7.75	34.25	64
803	-8.25	34.75	64
803	-8.25	35.75	64
803	-9.25	36.75	64
803	-10.25	36.75	64
803	-11.25	37.75	64
803	-11.25	38.75	64
803	-12.25	38.75	64
803	-12.25	40.75	64
803	-13.25	41.75	64
803	-13.25	42.25	64
803	-12.25	43.25	64
803	-12.25	43.75	64
804	-0.25	49.25	64
804	-0.25	48.75	64
804	0.25	48.75	64
804	0.25	49.25	64
804	-0.25	49.25	64
805	-9.25	39.25	64
805	-9.25	38.75	64
805	-8.75	38.25	64
805	-8.75	37.25	64
805	-8.25	36.75	64
805	-7.75	36.75	64
805	-7.25	37.25	64
805	-7.25	37.75	64
805	-8.75	39.25	64
805	-9.25	39.25	64
806	0.75	49.25	64
806	0.75	48.75	64
806	1.25	48.75	64
806	1.25	49.25	64
806	0.75	49.25	64
807	-7.75	39.25	64
807	-7.75	39.75	64
807	-6.75	40.75	64
807	-6.25	40.75	64
807	-6.25	40.25	64
807	-7.25	39.25	64
807	-7.75	39.25	64
256	-38.25	14.75	240
256	-38.25	15.25	240
256	-37.25	16.25	240
256	-36.75	16.25	240
256	-36.75	15.25	240
256	-32.75	15.25	240
256	-32.75	14.75	240
256	-33.25	14.25	240
256	-33.25	13.75	240
256	-32.75	13.25	240
256	-32.75	12.75	240
256	-33.75	12.75	240
256	-34.75	11.75	240
256	-35.25	11.75	240
256	-35.25	13.75	240
256	-36.25	13.75	240
256	-37.25	14.75	240
256	-38.25	14.75	240
99	-34.25	17.75	15
99	-34.25	18.25	15
99	-33.25	18.25	15
99	-32.75	18.75	15
99	-32.25	18.75	15
99	-31.75	18.25	15
99	-30.75	18.25	15
99	-30.75	17.25	15
99	-29.75	17.25	15
99	-29.25	16.75	15
99	-27.75	16.75	15
99	-27.25	17.25	15
99	-27.25	18.25	15
99	-25.75	18.25	15
99	-25.75	17.25	15
99	-24.75	17.25	15
99	-23.75	16.25	15
99	-23.25	16.25	15
99	-23.25	17.25	15
99	-22.75	17.75	15
99	-22.25	17.75	15
99	-21.25	16.75	15
99	-20.75	16.75	15
99	-20.75	17.75	15
99	-19.75	18.75	15
99	-19.75	19.75	15
99	-19.25	19.75	15
99	-18.75	19.25	15
99	-18.25	19.25	15
99	-17.75	19.75	15
99	-17.75	20.75	15
99	-17.25	20.75	15
99	-16.25	19.75	15
99	-15.75	19.75	15
99	-13.25	22.25	15
99	-11.75	22.25	15
99	-11.75	19.25	15
99	-9.75	19.25	15
99	-9.75	18.25	15
99	-9.25	17.75	15
99	-8.75	17.75	15
99	-7.75	18.75	15
99	-7.25	18.75	15
99	-5.25	16.75	15
99	-5.25	12.25	15
99	-5.75	11.75	15
99	-5.75	10.75	15
99	-7.25	10.75	15
99	-10.75	14.25	15
99	-11.75	14.25	15
99	-11.75	15.25	15
99	-14.25	15.25	15
99	-14.75	14.75	15
99	-14.75	14.25	15
99	-13.75	14.25	15
99	-13.75	13.75	15
99	-14.25	13.25	15
99	-14.25	11.75	15
99	-13.25	11.75	15
99	-13.25	11.25	15
99	-13.75	10.75	15
99	-13.75	10.25	15
99	-13.25	9.75	15
99	-13.25	9.25	15
99	-14.25	8.25	15
99	-14.25	7.25	15
99	-15.25	7.25	15
99	-16.25	6.25	15
99	-16.25	5.75	15
99	-15.25	5.75	15
99	-11.75	2.25	15
99	-11.75	1.75	15
99	-12.75	1.75	15
99	-12.75	1.25	15
99	-12.25	0.75	15
99	-9.75	0.75	15
99	-9.75	1.75	15
99	-8.75	2.75	15
99	-8.75	3.25	15
99	-10.75	3.25	15
99	-10.75	3.75	15
99	-9.25	5.25	15
99	-9.25	6.25	15
99	-7.75	6.25	15
99	-7.75	5.25	15
99	-7.25	4.75	15
99	-6.25	4.75	15
99	-5.75	4.25	15
99	-5.75	3.25	15
99	-4.75	2.25	15
99	-3.75	2.25	15
99	-2.25	0.75	15
99	-2.25	0.25	15
99	-2.75	-0.25	15
99	-13.25	-0.25	15
99	-13.25	0.75	15
99	-14.75	2.25	15
99	-14.75	4.25	15
99	-15.75	4.25	15
99	-16.25	4.75	15
99	-16.75	4.75	15
99	-17.25	4.25	15
99	-17.25	3.75	15
99	-16.75	3.25	15
99	-16.75	2.75	15
99	-17.25	2.25	15
99	-18.25	2.25	15
99	-18.25	1.25	15
99	-18.75	1.25	15
99	-19.25	1.75	15
99	-19.25	2.25	15
99	-18.25	3.25	15
99	-18.25	3.75	15
99	-18.75	4.25	15
99	-18.75	5.25	15
99	-19.25	5.75	15
99	-19.25	6.75	15
99	-19.75	7.25	15
99	-19.75	8.25	15
99	-20.25	8.75	15
99	-22.75	8.75	15
99	-22.75	8.25	15
99	-21.75	7.25	15
99	-21.75	6.75	15
99	-22.25	6.75	15
99	-23.25	7.75	15
99	-23.75	7.75	15
99	-25.25	6.25	15
99	-25.75	6.25	15
99	-26.25	6.75	15
99	-27.25	6.75	15
99	-27.25	7.75	15
99	-28.25	7.75	15
99	-29.75	9.25	15
99	-30.25	9.25	15
99	-30.75	8.75	15
99	-30.75	7.75	15
99	-31.25	7.25	15
99	-31.25	5.75	15
99	-30.75	5.75	15
99	-30.25	6.25	15
99	-29.75	6.25	15
99	-29.25	5.75	15
99	-29.25	3.75	15
99	-28.75	3.25	15
99	-28.75	2.75	15
99	-30.25	1.25	15
99	-30.25	0.75	15
99	-29.75	0.75	15
99	-28.25	2.25	15
99	-27.75	2.25	15
99	-26.25	0.75	15
99	-25.75	0.75	15
99	-24.25	2.25	15
99	-23.75	2.25	15
99	-23.75	1.25	15
99	-23.25	0.75	15
99	-22.75	0.75	15
99	-22.75	2.25	15
99	-23.25	2.75	15
99	-23.25	3.25	15
99	-21.75	3.25	15
99	-21.75	1.25	15
99	-19.75	1.25	15
99	-18.75	0.25	15
99	-18.75	-0.25	15
99	-42.25	-0.25	15
99	-42.25	0.25	15
99	-39.75	2.75	15
99	-39.75	3.25	15
99	-40.75	3.25	15
99	-41.75	4.25	15
99	-41.75	6.75	15
99	-41.25	7.25	15
99	-41.25	8.25	15
99	-40.75	8.25	15
99	-40.25	7.75	15
99	-38.75	7.75	15
99	-38.75	8.75	15
99	-37.75	8.75	15
99	-37.75	9.25	15
99	-38.25	9.75	15
99	-38.75	9.75	15
99	-39.25	9.25	15
99	-39.75	9.25	15
99	-40.75	10.25	15
99	-40.75	10.75	15
99	-39.75	10.75	15
99	-39.25	11.25	15
99	-37.75	11.25	15
99	-37.75	10.25	15
99	-37.25	9.75	15
99	-36.25	9.75	15
99	-36.25	8.75	15
99	-35.75	8.25	15
99	-34.75	8.25	15
99	-33.75	7.25	15
99	-33.25	7.25	15
99	-33.25	8.25	15
99	-32.75	8.75	15
99	-31.75	8.75	15
99	-30.25	10.25	15
99	-30.25	10.75	15
99	-31.25	10.75	15
99	-32.75	12.25	15
99	-32.75	13.75	15
99	-32.25	13.75	15
99	-31.75	13.25	15
99	-30.25	13.25	15
99	-30.25	13.75	15
99	-30.75	14.25	15
99	-30.75	14.75	15
99	-29.75	14.75	15
99	-29.25	15.25	15
99	-29.25	15.75	15
99	-29.75	16.25	15
99	-31.25	16.25	15
99	-31.75	15.75	15
99	-32.75	15.75	15
99	-33.25	15.25	15
99	-33.75	15.25	15
99	-33.75	17.25	15
99	-34.25	17.75	15
100	-36.75	1.25	15
100	-36.75	1.75	15
100	-35.75	2.75	15
100	-35.25	2.75	15
100	-34.25	1.75	15
100	-34.25	1.25	15
100	-34.75	0.75	15
100	-36.25	0.75	15
100	-36.75	1.25	15
101	-23.75	12.25	15
101	-23.75	12.75	15
101	-22.25	14.25	15
101	-21.75	14.25	15
101	-21.75	12.75	15
101	-23.25	11.25	15
101	-23.75	11.25	15
101	-23.75	12.25	15
102	-8.25	1.75	15
102	-8.25	2.25	15
102	-7.25	3.25	15
102	-6.75	3.25	15
102	-6.75	2.75	15
102	-7.75	1.75	15
102	-8.25	1.75	15
103	-5.25	0.75	15
103	-5.25	1.25	15
103	-4.75	1.25	15
103	-4.75	0.75	15
103	-5.25	0.75	15
894	-32.25	19.75	710
894	-32.25	20.25	710
894	-31.75	20.25	710
894	-31.75	19.75	710
894	-32.25	19.75	710
934	-22.25	29.75	746
934	-22.25	30.25	746
934	-21.75	30.25	746
934	-21.75	29.75	746
934	-22.25	29.75	746
885	-39.25	11.75	703
885	-39.25	12.25	703
885	-38.75	12.75	703
885	-38.25	12.75	703
885	-37.25	11.75	703
885	-36.25	11.75	703
885	-35.75	11.25	703
885	-35.75	10.25	703
885	-35.25	9.75	703
885	-35.25	8.25	703
885	-35.75	8.25	703
885	-36.25	8.75	703
885	-36.25	9.75	703
885	-37.25	9.75	703
885	-37.75	10.25	703
885	-37.75	11.25	703
885	-38.75	11.25	703
885	-39.25	11.75	703
844	-21.25	29.75	667
844	-21.25	30.25	667
844	-20.75	30.25	667
844	-20.75	29.75	667
844	-21.25	29.75	667
500	-20.75	30.25	408
500	-20.75	30.75	408
500	-20.25	31.25	408
500	-19.75	31.25	408
500	-19.25	30.75	408
500	-19.25	30.25	408
500	-20.75	30.25	408
95	-24.75	25.25	147
95	-24.75	25.75	147
95	-23.75	26.75	147
95	-23.25	26.75	147
95	-22.25	25.75	147
95	-22.25	24.75	147
95	-21.25	24.75	147
95	-20.25	23.75	147
95	-20.25	23.25	147
95	-21.75	23.25	147
95	-22.75	24.25	147
95	-23.25	24.25	147
95	-23.75	23.75	147
95	-24.25	23.75	147
95	-24.25	24.75	147
95	-24.75	25.25	147
702	-21.25	28.75	560
702	-21.25	29.25	560
702	-20.25	29.25	560
702	-20.25	30.25	560
702	-18.75	30.25	560
702	-18.75	29.75	560
702	-20.25	28.25	560
702	-20.75	28.25	560
702	-21.25	28.75	560
843	-20.75	29.25	666
843	-20.75	29.75	666
843	-20.25	29.75	666
843	-20.25	29.25	666
843	-20.75	29.25	666
436	-5.25	44.75	365
436	-5.25	45.25	365
436	-4.75	45.75	365
436	-4.25	45.75	365
436	-3.75	45.25	365
436	-2.75	45.25	365
436	-2.25	44.75	365
436	-2.25	43.25	365
436	-4.75	43.25	365
436	-4.75	43.75	365
436	-4.25	44.25	365
436	-4.25	44.75	365
436	-5.25	44.75	365
691	-40.25	8.75	551
691	-40.25	9.25	551
691	-39.25	9.25	551
691	-38.75	9.75	551
691	-38.25	9.75	551
691	-37.75	9.25	551
691	-37.75	8.75	551
691	-38.75	8.75	551
691	-38.75	7.75	551
691	-39.25	7.75	551
691	-40.25	8.75	551
414	-30.75	18.25	351
414	-30.75	18.75	351
414	-30.25	19.25	351
414	-28.75	19.25	351
414	-28.25	18.75	351
414	-28.25	18.25	351
414	-29.25	18.25	351
414	-29.25	17.25	351
414	-30.75	17.25	351
414	-30.75	18.25	351
879	-2.75	46.25	699
879	-2.75	46.75	699
879	-2.25	46.75	699
879	-2.25	46.25	699
879	-2.75	46.25	699
286	-0.75	48.25	259
286	-0.75	48.75	259
286	-0.25	48.75	259
286	0.75	47.75	259
286	0.75	47.25	259
286	0.25	47.25	259
286	-0.75	48.25	259
245	-32.75	15.25	230
245	-32.75	15.75	230
245	-31.75	15.75	230
245	-31.25	16.25	230
245	-29.75	16.25	230
245	-29.25	15.75	230
245	-29.25	15.25	230
245	-29.75	14.75	230
245	-30.75	14.75	230
245	-30.75	14.25	230
245	-30.25	13.75	230
245	-30.25	13.25	230
245	-31.75	13.25	230
245	-32.25	13.75	230
245	-33.25	13.75	230
245	-33.25	14.25	230
245	-32.75	14.75	230
245	-32.75	15.25	230
398	-26.25	21.75	337
398	-26.25	22.25	337
398	-25.25	23.25	337
398	-24.75	23.25	337
398	-24.75	21.75	337
398	-26.25	21.75	337
828	-9.25	38.75	655
828	-9.25	39.25	655
828	-8.75	39.25	655
828	-7.25	37.75	655
828	-7.25	37.25	655
828	-7.75	36.75	655
828	-8.25	36.75	655
828	-8.75	37.25	655
828	-8.75	38.25	655
828	-9.25	38.75	655
741	0.25	48.25	596
741	0.25	48.75	596
741	1.75	48.75	596
741	1.75	48.25	596
741	1.25	47.75	596
741	0.75	47.75	596
741	0.25	48.25	596
711	-24.75	22.25	569
711	-24.75	22.75	569
711	-24.25	22.75	569
711	-24.25	22.25	569
711	-24.75	22.25	569
554	-19.75	27.25	444
554	-19.75	27.75	444
554	-19.25	27.75	444
554	-19.25	27.25	444
554	-19.75	27.25	444
657	-18.75	28.25	521
657	-18.75	28.75	521
657	-18.25	28.75	521
657	-17.25	27.75	521
657	-17.25	27.25	521
657	-17.75	26.75	521
657	-18.25	26.75	521
657	-18.25	27.75	521
657	-18.75	28.25	521
716	-7.75	39.25	573
716	-7.75	39.75	573
716	-6.75	40.75	573
716	-6.25	40.75	573
716	-6.25	40.25	573
716	-7.25	39.25	573
716	-7.75	39.25	573
195	1.75	48.75	205
195	1.75	49.25	205
195	3.25	49.25	205
195	3.75	48.75	205
195	4.75	48.75	205
195	5.25	48.25	205
195	5.25	46.75	205
195	4.75	46.25	205
195	2.75	46.25	205
195	2.25	45.75	205
195	1.75	45.75	205
195	1.75	46.25	205
195	3.25	47.75	205
195	3.25	48.25	205
195	2.25	48.25	205
195	1.75	48.75	205
684	-23.25	22.75	546
684	-23.25	23.25	546
684	-22.75	23.25	546
684	-21.75	22.25	546
684	-21.75	20.75	546
684	-22.25	20.75	546
684	-22.75	21.25	546
684	-22.75	22.25	546
684	-23.25	22.75	546
355	-34.75	10.25	302
355	-34.75	10.75	302
355	-34.25	11.25	302
355	-33.25	11.25	302
355	-33.25	12.25	302
355	-32.75	12.25	302
355	-31.25	10.75	302
355	-30.25	10.75	302
355	-30.25	10.25	302
355	-31.75	8.75	302
355	-32.75	8.75	302
355	-33.25	8.25	302
355	-33.25	7.25	302
355	-33.75	7.25	302
355	-34.75	8.25	302
355	-34.75	8.75	302
355	-34.25	9.25	302
355	-34.25	9.75	302
355	-34.75	10.25	302
881	-20.25	24.75	70
881	-20.25	25.25	70
881	-18.75	25.25	70
881	-18.75	24.25	70
881	-17.25	24.25	70
881	-16.75	24.75	70
881	-16.25	24.75	70
881	-16.25	24.25	70
881	-16.75	23.75	70
881	-16.75	23.25	70
881	-16.25	22.75	70
881	-16.25	22.25	70
881	-16.75	21.75	70
881	-16.75	21.25	70
881	-16.25	21.25	70
881	-15.75	21.75	70
881	-15.25	21.75	70
881	-14.75	21.25	70
881	-14.75	20.75	70
881	-15.75	19.75	70
881	-16.25	19.75	70
881	-17.75	21.25	70
881	-18.25	21.25	70
881	-19.25	20.25	70
881	-19.75	20.25	70
881	-20.25	20.75	70
881	-20.25	21.25	70
881	-19.25	21.25	70
881	-18.25	22.25	70
881	-18.25	22.75	70
881	-20.25	22.75	70
881	-20.25	24.75	70
565	-18.75	26.25	454
565	-18.75	26.75	454
565	-18.25	26.75	454
565	-18.25	26.25	454
565	-18.75	26.25	454
466	3.75	48.75	389
466	3.75	49.25	389
466	4.25	49.25	389
466	4.25	48.75	389
466	3.75	48.75	389
467	4.75	49.25	389
467	4.75	48.75	389
467	5.25	48.75	389
467	5.25	49.25	389
467	4.75	49.25	389
104	-14.75	29.25	150
104	-14.75	29.75	150
104	-13.25	29.75	150
104	-12.25	28.75	150
104	-11.75	28.75	150
104	-11.75	29.25	150
104	-12.25	29.75	150
104	-12.25	30.25	150
104	-11.75	30.25	150
104	-9.75	28.25	150
104	-8.75	28.25	150
104	-8.25	27.75	150
104	-7.75	27.75	150
104	-7.25	28.25	150
104	-6.75	28.25	150
104	-6.75	27.75	150
104	-7.75	26.75	150
104	-7.75	26.25	150
104	-7.25	25.75	150
104	-7.25	24.75	150
104	-6.75	24.75	150
104	-6.25	25.25	150
104	-6.25	25.75	150
104	-6.75	26.25	150
104	-6.75	26.75	150
104	-4.75	26.75	150
104	-4.25	27.25	150
104	-4.25	27.75	150
104	-5.25	27.75	150
104	-5.25	28.25	150
104	-4.25	29.25	150
104	-3.75	29.25	150
104	-3.75	28.25	150
104	-3.25	27.75	150
104	-3.25	27.25	150
104	-4.25	26.25	150
104	-4.25	25.25	150
104	-4.75	24.75	150
104	-5.75	24.75	150
104	-6.25	24.25	150
104	-6.25	23.25	150
104	-6.75	23.25	150
104	-7.25	23.75	150
104	-7.75	23.75	150
104	-7.75	23.25	150
104	-6.75	22.25	150
104	-5.75	22.25	150
104	-5.75	21.75	150
104	-6.75	20.75	150
104	-7.25	20.75	150
104	-7.25	21.75	150
104	-7.75	22.25	150
104	-8.25	22.25	150
104	-8.25	20.25	150
104	-8.75	20.25	150
104	-9.75	21.25	150
104	-9.75	21.75	150
104	-9.25	22.25	150
104	-9.25	22.75	150
104	-9.75	22.75	150
104	-10.25	22.25	150
104	-10.75	22.25	150
104	-10.75	23.25	150
104	-11.75	23.25	150
104	-12.25	23.75	150
104	-12.25	24.75	150
104	-13.75	24.75	150
104	-13.75	22.75	150
104	-14.25	22.25	150
104	-14.25	21.25	150
104	-14.75	21.25	150
104	-15.25	21.75	150
104	-15.75	21.75	150
104	-16.25	21.25	150
104	-16.75	21.25	150
104	-16.75	21.75	150
104	-16.25	22.25	150
104	-16.25	22.75	150
104	-16.75	23.25	150
104	-16.75	23.75	150
104	-16.25	24.25	150
104	-15.25	24.25	150
104	-14.25	25.25	150
104	-14.25	26.25	150
104	-12.75	27.75	150
104	-12.75	28.25	150
104	-13.25	28.25	150
104	-13.75	27.75	150
104	-14.25	27.75	150
104	-14.25	28.75	150
104	-14.75	29.25	150
105	-11.25	26.75	150
105	-11.25	27.25	150
105	-9.75	27.25	150
105	-9.75	26.25	150
105	-8.75	26.25	150
105	-8.75	25.25	150
105	-7.75	25.25	150
105	-7.75	24.75	150
105	-8.25	24.25	150
105	-10.75	24.25	150
105	-11.25	24.75	150
105	-11.25	25.25	150
105	-10.25	25.25	150
105	-10.25	25.75	150
105	-11.25	26.75	150
905	-16.75	25.25	720
905	-16.75	25.75	720
905	-15.25	25.75	720
905	-15.25	24.25	720
905	-15.75	24.25	720
905	-16.75	25.25	720
213	-1.75	38.25	215
213	-1.75	38.75	215
213	-1.25	39.25	215
213	-0.75	39.25	215
213	0.25	38.25	215
213	1.75	38.25	215
213	2.25	38.75	215
213	3.25	38.75	215
213	3.75	39.25	215
213	4.25	39.25	215
213	4.25	37.75	215
213	3.25	36.75	215
213	3.25	35.25	215
213	3.75	34.75	215
213	4.75	34.75	215
213	5.25	34.25	215
213	5.25	33.75	215
213	3.75	33.75	215
213	2.75	34.75	215
213	2.25	34.75	215
213	2.25	34.25	215
213	3.25	33.25	215
213	3.25	32.75	215
213	2.75	32.75	215
213	1.25	34.25	215
213	1.25	35.25	215
213	0.25	35.25	215
213	-0.75	36.25	215
213	-0.75	38.25	215
213	-1.75	38.25	215
677	-30.75	8.25	54
677	-30.75	8.75	54
677	-30.25	9.25	54
677	-29.75	9.25	54
677	-28.25	7.75	54
677	-27.25	7.75	54
677	-27.25	6.75	54
677	-26.25	6.75	54
677	-25.75	6.25	54
677	-25.25	6.25	54
677	-24.25	7.25	54
677	-23.75	7.25	54
677	-23.75	6.75	54
677	-24.25	6.25	54
677	-24.25	5.75	54
677	-22.75	4.25	54
677	-22.75	3.75	54
677	-23.25	3.25	54
677	-23.25	2.75	54
677	-22.75	2.25	54
677	-22.75	1.75	54
677	-23.25	1.25	54
677	-23.75	1.25	54
677	-23.75	2.25	54
677	-24.25	2.25	54
677	-25.75	0.75	54
677	-26.25	0.75	54
677	-27.75	2.25	54
677	-28.25	2.25	54
677	-29.75	0.75	54
677	-30.25	0.75	54
677	-30.25	1.25	54
677	-28.75	2.75	54
677	-28.75	3.25	54
677	-29.25	3.75	54
677	-29.25	5.75	54
677	-29.75	6.25	54
677	-30.25	6.25	54
677	-30.75	5.75	54
677	-31.25	5.75	54
677	-31.25	7.25	54
677	-30.75	7.75	54
677	-30.75	8.25	54
685	-20.75	18.25	547
685	-20.75	18.75	547
685	-20.25	19.25	547
685	-19.75	19.25	547
685	-19.75	18.75	547
685	-20.25	18.25	547
685	-20.75	18.25	547
384	-19.25	19.75	325
384	-19.25	20.25	325
384	-18.25	21.25	325
384	-17.75	21.25	325
384	-17.75	19.75	325
384	-18.25	19.25	325
384	-18.75	19.25	325
384	-19.25	19.75	325
708	-36.75	1.25	566
708	-36.75	1.75	566
708	-35.75	2.75	566
708	-35.25	2.75	566
708	-34.25	1.75	566
708	-34.25	1.25	566
708	-34.75	0.75	566
708	-36.25	0.75	566
708	-36.75	1.25	566
654	-11.25	26.75	519
654	-11.25	27.25	519
654	-9.75	27.25	519
654	-9.75	26.25	519
654	-8.75	26.25	519
654	-8.75	25.25	519
654	-7.75	25.25	519
654	-7.75	24.75	519
654	-8.25	24.25	519
654	-10.75	24.25	519
654	-11.25	24.75	519
654	-11.25	25.25	519
654	-10.25	25.25	519
654	-10.25	25.75	519
654	-11.25	26.75	519
332	-23.75	12.25	287
332	-23.75	12.75	287
332	-22.25	14.25	287
332	-21.75	14.25	287
332	-21.75	12.75	287
332	-23.25	11.25	287
332	-23.75	11.25	287
332	-23.75	12.25	287
742	-2.75	30.25	597
742	-2.75	30.75	597
742	-1.25	30.75	597
742	-0.75	30.25	597
742	0.25	30.25	597
742	0.75	29.75	597
742	0.75	29.25	597
742	-0.75	29.25	597
742	-1.25	29.75	597
742	-1.75	29.75	597
742	-1.75	29.25	597
742	-1.25	28.75	597
742	-1.25	28.25	597
742	-1.75	27.75	597
742	-2.25	27.75	597
742	-2.25	28.75	597
742	-2.75	29.25	597
742	-2.75	30.25	597
328	-23.75	7.25	283
328	-23.75	7.75	283
328	-23.25	7.75	283
328	-22.25	6.75	283
328	-21.75	6.75	283
328	-21.75	7.25	283
328	-22.75	8.25	283
328	-22.75	8.75	283
328	-20.25	8.75	283
328	-19.75	8.25	283
328	-19.75	7.25	283
328	-19.25	6.75	283
328	-19.25	5.75	283
328	-18.75	5.25	283
328	-18.75	4.25	283
328	-18.25	3.75	283
328	-18.25	3.25	283
328	-18.75	2.75	283
328	-19.25	2.75	283
328	-21.25	4.75	283
328	-21.75	4.75	283
328	-22.25	4.25	283
328	-22.75	4.25	283
328	-24.25	5.75	283
328	-24.25	6.25	283
328	-23.75	6.75	283
328	-23.75	7.25	283
574	-6.25	23.75	461
574	-6.25	24.25	461
574	-5.75	24.75	461
574	-4.75	24.75	461
574	-4.25	25.25	461
574	-3.75	25.25	461
574	-3.75	24.75	461
574	-4.75	23.75	461
574	-6.25	23.75	461
431	-14.75	14.25	361
431	-14.75	14.75	361
431	-14.25	15.25	361
431	-11.75	15.25	361
431	-11.75	14.25	361
431	-10.75	14.25	361
431	-7.25	10.75	361
431	-5.75	10.75	361
431	-5.75	11.75	361
431	-5.25	12.25	361
431	-5.25	16.75	361
431	-6.75	18.25	361
431	-6.75	18.75	361
431	-6.25	19.25	361
431	-5.75	19.25	361
431	-5.75	18.25	361
431	-4.25	16.75	361
431	-3.75	16.75	361
431	-3.75	17.75	361
431	-3.25	17.75	361
431	-2.25	16.75	361
431	-2.25	16.25	361
431	-3.25	16.25	361
431	-3.75	15.75	361
431	-3.75	12.75	361
431	-4.25	12.25	361
431	-4.25	11.75	361
431	-2.25	11.75	361
431	-2.25	10.75	361
431	-1.25	9.75	361
431	-0.25	9.75	361
431	0.25	9.25	361
431	1.25	9.25	361
431	1.25	8.75	361
431	0.75	8.25	361
431	0.75	7.25	361
431	0.25	6.75	361
431	-0.75	6.75	361
431	-1.25	6.25	361
431	-1.25	5.25	361
431	-2.75	5.25	361
431	-3.25	5.75	361
431	-3.75	5.75	361
431	-4.75	4.75	361
431	-4.75	3.25	361
431	-4.25	2.75	361
431	-4.25	2.25	361
431	-4.75	2.25	361
431	-5.75	3.25	361
431	-5.75	4.25	361
431	-6.25	4.75	361
431	-7.25	4.75	361
431	-7.75	5.25	361
431	-7.75	6.25	361
431	-9.25	6.25	361
431	-9.25	5.25	361
431	-11.75	5.25	361
431	-12.75	6.25	361
431	-14.25	6.25	361
431	-14.75	5.75	361
431	-16.25	5.75	361
431	-16.25	6.25	361
431	-15.25	7.25	361
431	-14.25	7.25	361
431	-14.25	8.25	361
431	-13.25	9.25	361
431	-13.25	9.75	361
431	-13.75	10.25	361
431	-13.75	10.75	361
431	-13.25	11.25	361
431	-13.25	11.75	361
431	-14.25	11.75	361
431	-14.25	13.25	361
431	-13.75	13.75	361
431	-13.75	14.25	361
431	-14.75	14.25	361
432	-6.75	8.25	361
432	-6.75	8.75	361
432	-6.25	9.25	361
432	-5.25	9.25	361
432	-3.75	10.75	361
432	-3.25	10.75	361
432	-3.25	10.25	361
432	-3.75	9.75	361
432	-3.75	9.25	361
432	-3.25	8.75	361
432	-2.25	8.75	361
432	-1.75	8.25	361
432	-1.75	7.75	361
432	-2.25	7.25	361
432	-2.25	6.25	361
432	-2.75	6.25	361
432	-3.75	7.25	361
432	-4.25	7.25	361
432	-5.25	6.25	361
432	-6.75	6.25	361
432	-6.75	8.25	361
370	-3.75	25.25	316
370	-3.75	25.75	316
370	-3.25	26.25	316
370	-2.75	26.25	316
370	-2.25	25.75	316
370	-2.25	25.25	316
370	-3.25	24.25	316
370	-3.25	23.75	316
370	-2.75	23.75	316
370	-1.75	24.75	316
370	-1.25	24.75	316
370	-0.75	24.25	316
370	-0.75	22.25	316
370	-0.25	22.25	316
370	0.25	22.75	316
370	0.75	22.75	316
370	1.75	21.75	316
370	1.75	20.25	316
370	1.25	19.75	316
370	-0.75	19.75	316
370	-1.25	19.25	316
370	-1.75	19.25	316
370	-3.25	20.75	316
370	-3.25	21.25	316
370	-1.25	21.25	316
370	-1.25	21.75	316
370	-1.75	22.25	316
370	-4.75	22.25	316
370	-4.75	22.75	316
370	-4.25	23.25	316
370	-4.25	24.25	316
370	-3.75	24.75	316
370	-3.75	25.25	316
91	4.75	31.75	143
91	4.75	32.25	143
91	5.25	32.25	143
91	5.25	30.75	143
91	4.75	30.75	143
91	4.75	31.75	143
858	-22.75	3.25	68
858	-22.75	3.75	68
858	-21.75	4.75	68
858	-21.25	4.75	68
858	-19.25	2.75	68
858	-19.25	1.75	68
858	-18.75	1.25	68
858	-18.75	0.75	68
858	-19.25	0.75	68
858	-20.25	1.75	68
858	-20.25	2.75	68
858	-20.75	3.25	68
858	-22.75	3.25	68
609	-23.25	0.75	485
609	-23.25	1.25	485
609	-22.75	1.25	485
609	-22.75	0.75	485
609	-23.25	0.75	485
681	-21.75	2.25	543
681	-21.75	2.75	543
681	-21.25	2.75	543
681	-20.25	1.75	543
681	-20.25	1.25	543
681	-21.75	1.25	543
681	-21.75	2.25	543
407	-21.25	2.75	345
407	-21.25	3.25	345
407	-20.75	3.25	345
407	-20.25	2.75	345
407	-20.25	2.25	345
407	-20.75	2.25	345
407	-21.25	2.75	345
9	2.25	25.25	102
9	2.25	25.75	102
9	2.75	26.25	102
9	3.25	26.25	102
9	3.25	25.25	102
9	4.25	25.25	102
9	5.25	24.25	102
9	5.25	21.75	102
9	4.75	21.75	102
9	3.75	22.75	102
9	3.75	23.75	102
9	2.25	25.25	102
10	1.75	15.75	102
10	1.75	16.25	102
10	2.75	17.25	102
10	3.75	17.25	102
10	4.25	17.75	102
10	4.75	17.75	102
10	5.25	17.25	102
10	5.25	16.75	102
10	3.75	15.25	102
10	3.25	15.25	102
10	2.75	15.75	102
10	1.75	15.75	102
11	4.75	11.75	102
11	4.75	12.25	102
11	5.25	12.25	102
11	5.25	11.75	102
11	4.75	11.75	102
415	-17.25	3.75	352
415	-17.25	4.25	352
415	-16.75	4.75	352
415	-16.25	4.75	352
415	-15.75	4.25	352
415	-14.75	4.25	352
415	-14.75	3.75	352
415	-15.25	3.25	352
415	-16.75	3.25	352
415	-17.25	3.75	352
734	-18.25	1.75	59
734	-18.25	2.25	59
734	-17.75	2.25	59
734	-16.75	1.25	59
734	-16.75	0.75	59
734	-18.25	0.75	59
734	-18.25	1.75	59
907	-14.75	5.25	722
907	-14.75	5.75	722
907	-14.25	6.25	722
907	-12.75	6.25	722
907	-11.75	5.25	722
907	-9.75	5.25	722
907	-9.75	4.75	722
907	-10.75	3.75	722
907	-11.75	3.75	722
907	-12.25	3.25	722
907	-12.75	3.25	722
907	-14.75	5.25	722
509	-18.75	0.25	415
509	-18.75	0.75	415
509	-16.75	0.75	415
509	-16.75	1.25	415
509	-17.25	1.75	415
509	-17.25	2.25	415
509	-16.75	2.75	415
509	-16.25	2.75	415
509	-13.75	0.25	415
509	-13.75	-0.25	415
509	-18.25	-0.25	415
509	-18.75	0.25	415
397	-16.25	2.75	336
397	-16.25	3.25	336
397	-14.75	3.25	336
397	-14.75	2.25	336
397	-13.25	0.75	336
397	-13.25	0.25	336
397	-13.75	0.25	336
397	-16.25	2.75	336
495	2.75	18.75	403
495	2.75	19.25	403
495	3.25	19.25	403
495	3.25	18.75	403
495	2.75	18.75	403
333	-12.25	2.75	288
333	-12.25	3.25	288
333	-11.75	3.75	288
333	-11.25	3.75	288
333	-11.25	2.25	288
333	-11.75	2.25	288
333	-12.25	2.75	288
925	-6.75	8.25	738
925	-6.75	8.75	738
925	-6.25	9.25	738
925	-5.25	9.25	738
925	-3.75	10.75	738
925	-3.25	10.75	738
925	-3.25	10.25	738
925	-3.75	9.75	738
925	-3.75	9.25	738
925	-3.25	8.75	738
925	-2.25	8.75	738
925	-1.75	8.25	738
925	-1.75	7.75	738
925	-2.25	7.25	738
925	-2.25	6.25	738
925	-2.75	6.25	738
925	-3.75	7.25	738
925	-4.25	7.25	738
925	-5.25	6.25	738
925	-6.75	6.25	738
925	-6.75	8.25	738
779	1.75	16.75	623
779	1.75	17.25	623
779	2.25	17.75	623
779	2.75	17.75	623
779	2.75	17.25	623
779	2.25	16.75	623
779	1.75	16.75	623
164	-12.75	1.25	187
164	-12.75	1.75	187
164	-11.25	1.75	187
164	-11.25	1.25	187
164	-11.75	0.75	187
164	-12.25	0.75	187
164	-12.75	1.25	187
309	-11.25	2.75	270
309	-11.25	3.25	270
309	-8.75	3.25	270
309	-8.75	2.75	270
309	-9.75	1.75	270
309	-10.25	1.75	270
309	-11.25	2.75	270
869	-11.25	1.75	69
869	-11.25	2.25	69
869	-10.75	2.25	69
869	-10.25	1.75	69
869	-10.25	1.25	69
869	-10.75	0.75	69
869	-11.25	0.75	69
869	-11.25	1.75	69
611	-10.25	0.75	487
611	-10.25	1.25	487
611	-9.75	1.25	487
611	-9.75	0.75	487
611	-10.25	0.75	487
459	-8.25	1.75	382
459	-8.25	2.25	382
459	-7.25	3.25	382
459	-6.75	3.25	382
459	-6.75	2.75	382
459	-7.75	1.75	382
459	-8.25	1.75	382
73	-4.75	4.25	132
73	-4.75	4.75	132
73	-3.75	5.75	132
73	-3.25	5.75	132
73	-2.75	5.25	132
73	-1.75	5.25	132
73	-1.75	4.25	132
73	-0.75	3.25	132
73	-0.75	2.75	132
73	-1.75	1.75	132
73	-3.25	1.75	132
73	-4.75	3.25	132
73	-4.75	4.25	132
288	-1.25	5.75	260
288	-1.25	6.25	260
288	-0.75	6.75	260
288	0.75	6.75	260
288	1.25	6.25	260
288	1.75	6.25	260
288	1.75	8.25	260
288	2.75	9.25	260
288	3.25	9.25	260
288	4.25	8.25	260
288	5.25	8.25	260
288	5.25	2.75	260
288	4.75	2.75	260
288	4.25	3.25	260
288	3.25	3.25	260
288	3.25	4.25	260
288	2.75	4.25	260
288	2.25	3.75	260
288	1.25	3.75	260
288	1.25	2.75	260
288	0.25	2.75	260
288	-0.25	2.25	260
288	-0.25	1.75	260
288	0.75	1.75	260
288	1.25	1.25	260
288	2.25	1.25	260
288	3.25	0.25	260
288	3.25	-0.25	260
288	-1.25	-0.25	260
288	-1.25	0.75	260
288	-1.75	1.25	260
288	-1.75	1.75	260
288	-0.75	2.75	260
288	-0.75	3.25	260
288	-1.75	4.25	260
288	-1.75	4.75	260
288	-1.25	5.25	260
288	-1.25	5.75	260
908	0.75	7.75	723
908	0.75	8.25	723
908	1.25	8.25	723
908	1.75	7.75	723
908	1.75	6.25	723
908	1.25	6.25	723
908	0.75	6.75	723
908	0.75	7.75	723
676	-5.25	0.75	539
676	-5.25	1.25	539
676	-4.75	1.25	539
676	-4.75	0.75	539
676	-5.25	0.75	539
74	-2.75	1.25	133
74	-2.75	1.75	133
74	-2.25	1.75	133
74	-1.25	0.75	133
74	-1.25	0.25	133
74	-1.75	-0.25	133
74	-2.25	-0.25	133
74	-2.25	0.75	133
74	-2.75	1.25	133
913	-0.25	1.75	728
913	-0.25	2.25	728
913	0.25	2.25	728
913	0.25	1.75	728
913	-0.25	1.75	728
656	0.25	2.25	520
656	0.25	2.75	520
656	0.75	2.75	520
656	0.75	2.25	520
656	0.25	2.25	520
973	1.25	3.25	99
973	1.25	3.75	99
973	2.25	3.75	99
973	2.75	4.25	99
973	3.25	4.25	99
973	3.25	3.25	99
973	4.25	3.25	99
973	4.25	2.75	99
973	3.75	2.25	99
973	3.75	1.25	99
973	3.25	1.25	99
973	2.75	1.75	99
973	1.75	1.75	99
973	1.25	2.25	99
973	1.25	3.25	99
890	0.75	1.75	708
890	0.75	2.25	708
890	1.25	2.25	708
890	1.75	1.75	708
890	1.75	1.25	708
890	1.25	1.25	708
890	0.75	1.75	708
33	2.25	1.25	114
33	2.25	1.75	114
33	2.75	1.75	114
33	3.25	1.25	114
33	3.25	0.75	114
33	2.75	0.75	114
33	2.25	1.25	114
955	3.75	1.75	85
955	3.75	2.25	85
955	4.25	2.75	85
955	4.75	2.75	85
955	4.75	2.25	85
955	4.25	1.75	85
955	3.75	1.75	85
874	3.25	0.25	694
874	3.25	0.75	694
874	3.75	0.75	694
874	3.75	0.25	694
874	3.25	0.25	694
