group	fill	clickSelects
1	#FFFFFF	134
2	#FFFFFF	165
3	#FFFFFF	134
4	#FFFFFF	364
5	#FFFFFF	350
6	#FFFFFF	350
7	#FFFFFF	350
8	#FFFFFF	508
9	#FFFFFF	565
10	#FFFFFF	10
11	#FFFFFF	10
12	#FFFFFF	10
13	#FFFFFF	10
14	#FFFFFF	165
15	#FFFFFF	10
16	#FFFFFF	10
17	#FFFFFF	10
18	#FFFFFF	10
19	#FFFFFF	10
20	#FFFFFF	10
21	#FFFFFF	10
22	#FFFFFF	10
23	#FFFFFF	207
24	#FFFFFF	575
25	#FFFFFF	410
36	#FFFFFF	165
46	#FFFFFF	410
47	#FFFFFF	410
48	#FFFFFF	410
49	#FFFFFF	350
50	#FFFFFF	350
52	#FFFFFF	165
53	#FFFFFF	165
54	#FFFFFF	364
55	#FFFFFF	364
56	#FFFFFF	350
57	#FFFFFF	350
58	#FFFFFF	350
59	#FFFFFF	10
60	#FFFFFF	10
61	#FFFFFF	10
62	#FFFFFF	10
63	#FFFFFF	10
64	#FFFFFF	165
65	#FFFFFF	10
66	#FFFFFF	10
67	#FFFFFF	10
68	#FFFFFF	10
69	#FFFFFF	10
70	#FFFFFF	10
71	#FFFFFF	10
72	#FFFFFF	10
73	#FFFFFF	207
74	#FFFFFF	575
75	#FFFFFF	410
76	#FFFFFF	575
86	#FFFFFF	410
97	#FFFFFF	410
98	#FFFFFF	410
99	#FFFFFF	165
100	#FFFFFF	410
101	#FFFFFF	350
102	#FFFFFF	165
103	#FFFFFF	165
104	#FFFFFF	165
105	#FFFFFF	364
106	#FFFFFF	350
107	#FFFFFF	165
108	#FFFFFF	165
109	#FFFFFF	350
110	#FFFFFF	10
111	#FFFFFF	10
112	#FFFFFF	10
113	#FFFFFF	10
114	#FFFFFF	10
115	#FFFFFF	165
116	#FFFFFF	10
117	#FFFFFF	10
118	#FFFFFF	10
119	#FFFFFF	10
120	#FFFFFF	10
121	#FFFFFF	10
122	#FFFFFF	207
123	#FFFFFF	207
124	#FFFFFF	575
125	#FFFFFF	575
126	#FFFFFF	165
127	#FFFFFF	575
137	#FFFFFF	410
147	#FFFFFF	410
148	#FFFFFF	165
149	#FFFFFF	410
150	#FFFFFF	350
151	#FFFFFF	364
153	#FFFFFF	165
154	#FFFFFF	165
155	#FFFFFF	165
156	#FFFFFF	1
157	#FFFFFF	1
158	#FFFFFF	10
159	#FFFFFF	1
160	#FFFFFF	10
161	#FFFFFF	10
162	#FFFFFF	1
163	#FFFFFF	10
164	#FFFFFF	10
165	#FFFFFF	165
166	#FFFFFF	10
167	#FFFFFF	10
168	#FFFFFF	10
169	#FFFFFF	10
170	#FFFFFF	157
171	#FFFFFF	157
172	#FFFFFF	157
173	#FFFFFF	10
174	#FFFFFF	157
175	#FFFFFF	157
176	#FFFFFF	165
177	#FFFFFF	157
178	#FFFFFF	10
179	#FFFFFF	10
180	#FFFFFF	10
181	#FFFFFF	10
182	#FFFFFF	10
183	#FFFFFF	10
184	#FFFFFF	10
185	#FFFFFF	304
186	#FFFFFF	10
187	#FFFFFF	144
198	#FFFFFF	144
199	#FFFFFF	165
200	#FFFFFF	165
201	#FFFFFF	1
202	#FFFFFF	1
203	#FFFFFF	165
204	#FFFFFF	165
205	#FFFFFF	165
206	#FFFFFF	1
207	#FFFFFF	1
208	#FFFFFF	1
209	#FFFFFF	1
210	#FFFFFF	10
211	#FFFFFF	1
212	#FFFFFF	10
213	#FFFFFF	1
214	#FFFFFF	1
215	#FFFFFF	10
216	#FFFFFF	165
217	#FFFFFF	10
218	#FFFFFF	157
219	#FFFFFF	10
220	#FFFFFF	10
221	#FFFFFF	157
222	#FFFFFF	157
223	#FFFFFF	10
224	#FFFFFF	157
225	#FFFFFF	157
226	#FFFFFF	157
227	#FFFFFF	144
228	#FFFFFF	157
229	#FFFFFF	10
230	#FFFFFF	10
231	#FFFFFF	10
232	#FFFFFF	10
233	#FFFFFF	10
234	#FFFFFF	10
235	#FFFFFF	304
236	#FFFFFF	10
237	#FFFFFF	10
238	#FFFFFF	165
248	#FFFFFF	165
249	#FFFFFF	165
250	#FFFFFF	165
251	#FFFFFF	1
252	#FFFFFF	1
254	#FFFFFF	165
255	#FFFFFF	165
256	#FFFFFF	1
257	#FFFFFF	1
258	#FFFFFF	1
259	#FFFFFF	1
260	#FFFFFF	1
261	#FFFFFF	1
262	#FFFFFF	1
263	#FFFFFF	1
264	#FFFFFF	1
265	#FFFFFF	10
266	#FFFFFF	165
267	#FFFFFF	10
268	#FFFFFF	157
269	#FFFFFF	157
270	#FFFFFF	157
271	#FFFFFF	10
272	#FFFFFF	157
273	#FFFFFF	10
274	#FFFFFF	10
275	#FFFFFF	157
276	#FFFFFF	157
277	#FFFFFF	165
278	#FFFFFF	157
279	#FFFFFF	10
280	#FFFFFF	157
281	#FFFFFF	157
282	#FFFFFF	10
283	#FFFFFF	10
284	#FFFFFF	10
285	#FFFFFF	10
286	#FFFFFF	10
287	#FFFFFF	10
288	#FFFFFF	144
289	#FFFFFF	10
299	#FFFFFF	165
300	#FFFFFF	165
301	#FFFFFF	165
302	#FFFFFF	1
303	#FFFFFF	1
304	#FFFFFF	165
305	#FFFFFF	165
306	#FFFFFF	165
307	#FFFFFF	1
308	#FFFFFF	1
309	#FFFFFF	1
310	#FFFFFF	1
311	#FFFFFF	1
312	#FFFFFF	177
313	#FFFFFF	1
314	#FFFFFF	177
315	#FFFFFF	1
316	#FFFFFF	1
317	#FFFFFF	165
318	#FFFFFF	157
319	#FFFFFF	157
320	#FFFFFF	157
321	#FFFFFF	157
322	#FFFFFF	157
323	#FFFFFF	157
324	#FFFFFF	157
325	#FFFFFF	10
326	#FFFFFF	157
327	#FFFFFF	157
328	#FFFFFF	165
329	#FFFFFF	157
330	#FFFFFF	157
331	#FFFFFF	157
332	#FFFFFF	157
333	#FFFFFF	10
334	#FFFFFF	10
335	#FFFFFF	10
336	#FFFFFF	10
337	#FFFFFF	10
338	#FFFFFF	10
339	#FFFFFF	165
340	#FFFFFF	10
349	#FFFFFF	165
350	#FFFFFF	165
351	#FFFFFF	1
352	#FFFFFF	1
353	#FFFFFF	1
355	#FFFFFF	165
356	#FFFFFF	165
357	#FFFFFF	1
358	#FFFFFF	1
359	#FFFFFF	177
360	#FFFFFF	177
361	#FFFFFF	177
362	#FFFFFF	177
363	#FFFFFF	1
364	#FFFFFF	177
365	#FFFFFF	177
366	#FFFFFF	1
367	#FFFFFF	165
368	#FFFFFF	12
369	#FFFFFF	157
370	#FFFFFF	157
371	#FFFFFF	157
372	#FFFFFF	157
373	#FFFFFF	157
374	#FFFFFF	157
375	#FFFFFF	10
376	#FFFFFF	157
377	#FFFFFF	10
378	#FFFFFF	165
379	#FFFFFF	157
380	#FFFFFF	157
381	#FFFFFF	157
382	#FFFFFF	157
383	#FFFFFF	10
384	#FFFFFF	10
385	#FFFFFF	10
386	#FFFFFF	10
387	#FFFFFF	10
388	#FFFFFF	10
389	#FFFFFF	165
390	#FFFFFF	10
391	#FFFFFF	10
400	#FFFFFF	165
401	#FFFFFF	165
402	#FFFFFF	165
403	#FFFFFF	1
404	#FFFFFF	1
405	#FFFFFF	165
406	#FFFFFF	165
407	#FFFFFF	165
408	#FFFFFF	1
409	#FFFFFF	1
410	#FFFFFF	177
411	#FFFFFF	177
412	#FFFFFF	177
413	#FFFFFF	177
414	#FFFFFF	177
415	#FFFFFF	177
416	#FFFFFF	1
417	#FFFFFF	1
418	#FFFFFF	165
419	#FFFFFF	12
420	#FFFFFF	12
421	#FFFFFF	157
422	#FFFFFF	157
423	#FFFFFF	157
424	#FFFFFF	157
425	#FFFFFF	157
426	#FFFFFF	10
427	#FFFFFF	10
428	#FFFFFF	10
429	#FFFFFF	165
430	#FFFFFF	157
431	#FFFFFF	157
432	#FFFFFF	157
433	#FFFFFF	157
434	#FFFFFF	10
435	#FFFFFF	10
436	#FFFFFF	10
437	#FFFFFF	10
438	#FFFFFF	10
439	#FFFFFF	10
440	#FFFFFF	165
441	#FFFFFF	10
442	#FFFFFF	10
450	#FFFFFF	165
451	#FFFFFF	165
452	#FFFFFF	165
453	#FFFFFF	1
454	#FFFFFF	1
456	#FFFFFF	165
457	#FFFFFF	165
458	#FFFFFF	1
459	#FFFFFF	1
460	#FFFFFF	1
461	#FFFFFF	1
462	#FFFFFF	1
463	#FFFFFF	177
464	#FFFFFF	177
465	#FFFFFF	177
466	#FFFFFF	1
467	#FFFFFF	12
468	#FFFFFF	165
469	#FFFFFF	12
470	#FFFFFF	12
471	#FFFFFF	12
472	#FFFFFF	157
473	#FFFFFF	157
474	#FFFFFF	157
475	#FFFFFF	157
476	#FFFFFF	10
477	#FFFFFF	10
478	#FFFFFF	10
479	#FFFFFF	165
480	#FFFFFF	157
481	#FFFFFF	10
482	#FFFFFF	157
483	#FFFFFF	10
484	#FFFFFF	10
485	#FFFFFF	10
486	#FFFFFF	10
487	#FFFFFF	10
488	#FFFFFF	10
489	#FFFFFF	10
490	#FFFFFF	1
491	#FFFFFF	10
492	#FFFFFF	10
493	#FFFFFF	10
501	#FFFFFF	165
502	#FFFFFF	1
503	#FFFFFF	1
504	#FFFFFF	1
505	#FFFFFF	1
506	#FFFFFF	165
507	#FFFFFF	165
508	#FFFFFF	165
509	#FFFFFF	1
510	#FFFFFF	1
511	#FFFFFF	1
512	#FFFFFF	1
513	#FFFFFF	177
514	#FFFFFF	177
515	#FFFFFF	177
516	#FFFFFF	177
517	#FFFFFF	12
518	#FFFFFF	12
519	#FFFFFF	165
520	#FFFFFF	12
521	#FFFFFF	12
522	#FFFFFF	157
523	#FFFFFF	12
524	#FFFFFF	157
525	#FFFFFF	157
526	#FFFFFF	157
527	#FFFFFF	157
528	#FFFFFF	10
529	#FFFFFF	157
530	#FFFFFF	1
531	#FFFFFF	157
532	#FFFFFF	10
533	#FFFFFF	157
534	#FFFFFF	10
535	#FFFFFF	157
536	#FFFFFF	10
537	#FFFFFF	10
538	#FFFFFF	10
539	#FFFFFF	10
540	#FFFFFF	10
541	#FFFFFF	1
542	#FFFFFF	10
543	#FFFFFF	10
544	#FFFFFF	10
551	#FFFFFF	1
552	#FFFFFF	1
553	#FFFFFF	1
554	#FFFFFF	1
555	#FFFFFF	1
557	#FFFFFF	165
558	#FFFFFF	165
559	#FFFFFF	1
560	#FFFFFF	1
561	#FFFFFF	1
562	#FFFFFF	1
563	#FFFFFF	1
564	#FFFFFF	177
565	#FFFFFF	177
566	#FFFFFF	1
567	#FFFFFF	1
568	#FFFFFF	12
569	#FFFFFF	1
570	#FFFFFF	12
571	#FFFFFF	12
572	#FFFFFF	12
573	#FFFFFF	12
574	#FFFFFF	157
575	#FFFFFF	12
576	#FFFFFF	157
577	#FFFFFF	157
578	#FFFFFF	10
579	#FFFFFF	157
580	#FFFFFF	1
581	#FFFFFF	157
582	#FFFFFF	10
583	#FFFFFF	10
584	#FFFFFF	157
585	#FFFFFF	157
586	#FFFFFF	10
587	#FFFFFF	10
588	#FFFFFF	10
589	#FFFFFF	10
590	#FFFFFF	10
591	#FFFFFF	1
592	#FFFFFF	10
593	#FFFFFF	10
594	#FFFFFF	10
595	#FFFFFF	10
602	#FFFFFF	1
603	#FFFFFF	1
604	#FFFFFF	1
605	#FFFFFF	1
606	#FFFFFF	1
607	#FFFFFF	165
608	#FFFFFF	165
609	#FFFFFF	165
610	#FFFFFF	1
611	#FFFFFF	12
612	#FFFFFF	12
613	#FFFFFF	1
614	#FFFFFF	1
615	#FFFFFF	177
616	#FFFFFF	177
617	#FFFFFF	1
618	#FFFFFF	1
619	#FFFFFF	12
620	#FFFFFF	1
621	#FFFFFF	12
622	#FFFFFF	12
623	#FFFFFF	12
624	#FFFFFF	12
625	#FFFFFF	12
626	#FFFFFF	157
627	#FFFFFF	157
628	#FFFFFF	157
629	#FFFFFF	157
630	#FFFFFF	670
631	#FFFFFF	1
632	#FFFFFF	157
633	#FFFFFF	157
634	#FFFFFF	10
635	#FFFFFF	157
636	#FFFFFF	10
637	#FFFFFF	10
638	#FFFFFF	10
639	#FFFFFF	10
640	#FFFFFF	10
641	#FFFFFF	10
642	#FFFFFF	1
643	#FFFFFF	10
644	#FFFFFF	10
645	#FFFFFF	10
646	#FFFFFF	10
652	#FFFFFF	1
653	#FFFFFF	1
654	#FFFFFF	1
655	#FFFFFF	1
656	#FFFFFF	1
658	#FFFFFF	165
659	#FFFFFF	165
660	#FFFFFF	1
661	#FFFFFF	1
662	#FFFFFF	12
663	#FFFFFF	1
664	#FFFFFF	1
665	#FFFFFF	177
666	#FFFFFF	1
667	#FFFFFF	1
668	#FFFFFF	1
669	#FFFFFF	1
670	#FFFFFF	1
671	#FFFFFF	12
672	#FFFFFF	12
673	#FFFFFF	12
674	#FFFFFF	12
675	#FFFFFF	12
676	#FFFFFF	12
677	#FFFFFF	157
678	#FFFFFF	157
679	#FFFFFF	157
680	#FFFFFF	670
681	#FFFFFF	1
682	#FFFFFF	157
683	#FFFFFF	157
684	#FFFFFF	157
685	#FFFFFF	10
686	#FFFFFF	157
687	#FFFFFF	10
688	#FFFFFF	10
689	#FFFFFF	10
690	#FFFFFF	10
691	#FFFFFF	10
692	#FFFFFF	1
693	#FFFFFF	10
694	#FFFFFF	10
695	#FFFFFF	10
696	#FFFFFF	10
697	#FFFFFF	10
703	#FFFFFF	1
704	#FFFFFF	1
705	#FFFFFF	1
706	#FFFFFF	1
707	#FFFFFF	1
708	#FFFFFF	1
709	#FFFFFF	165
710	#FFFFFF	165
711	#FFFFFF	1
712	#FFFFFF	1
713	#FFFFFF	12
714	#FFFFFF	1
715	#FFFFFF	1
716	#FFFFFF	177
717	#FFFFFF	1
718	#FFFFFF	12
719	#FFFFFF	12
720	#FFFFFF	12
721	#FFFFFF	1
722	#FFFFFF	12
723	#FFFFFF	12
724	#FFFFFF	12
725	#FFFFFF	12
726	#FFFFFF	12
727	#FFFFFF	12
728	#FFFFFF	157
729	#FFFFFF	670
730	#FFFFFF	670
731	#FFFFFF	670
732	#FFFFFF	1
733	#FFFFFF	157
734	#FFFFFF	157
735	#FFFFFF	10
736	#FFFFFF	10
737	#FFFFFF	10
738	#FFFFFF	10
739	#FFFFFF	12
740	#FFFFFF	10
741	#FFFFFF	10
742	#FFFFFF	10
743	#FFFFFF	1
744	#FFFFFF	10
745	#FFFFFF	10
746	#FFFFFF	10
747	#FFFFFF	10
748	#FFFFFF	10
753	#FFFFFF	1
754	#FFFFFF	1
755	#FFFFFF	1
756	#FFFFFF	1
757	#FFFFFF	1
759	#FFFFFF	165
760	#FFFFFF	165
761	#FFFFFF	12
762	#FFFFFF	12
763	#FFFFFF	12
764	#FFFFFF	1
765	#FFFFFF	1
766	#FFFFFF	177
767	#FFFFFF	1
768	#FFFFFF	12
769	#FFFFFF	12
770	#FFFFFF	12
771	#FFFFFF	165
772	#FFFFFF	12
773	#FFFFFF	12
774	#FFFFFF	12
775	#FFFFFF	12
776	#FFFFFF	12
777	#FFFFFF	12
778	#FFFFFF	157
779	#FFFFFF	157
780	#FFFFFF	670
781	#FFFFFF	670
782	#FFFFFF	1
783	#FFFFFF	670
784	#FFFFFF	157
785	#FFFFFF	157
786	#FFFFFF	10
787	#FFFFFF	10
788	#FFFFFF	10
789	#FFFFFF	10
790	#FFFFFF	12
791	#FFFFFF	10
792	#FFFFFF	10
793	#FFFFFF	1
794	#FFFFFF	10
795	#FFFFFF	10
796	#FFFFFF	10
797	#FFFFFF	10
798	#FFFFFF	10
799	#FFFFFF	10
804	#FFFFFF	1
805	#FFFFFF	1
806	#FFFFFF	1
807	#FFFFFF	1
808	#FFFFFF	12
809	#FFFFFF	165
810	#FFFFFF	1
811	#FFFFFF	1
812	#FFFFFF	12
813	#FFFFFF	12
814	#FFFFFF	12
815	#FFFFFF	1
816	#FFFFFF	177
817	#FFFFFF	1
818	#FFFFFF	1
819	#FFFFFF	12
820	#FFFFFF	12
821	#FFFFFF	12
822	#FFFFFF	1
823	#FFFFFF	12
824	#FFFFFF	12
825	#FFFFFF	12
826	#FFFFFF	12
827	#FFFFFF	12
828	#FFFFFF	157
829	#FFFFFF	157
830	#FFFFFF	670
831	#FFFFFF	670
832	#FFFFFF	157
833	#FFFFFF	1
834	#FFFFFF	157
835	#FFFFFF	10
836	#FFFFFF	10
837	#FFFFFF	10
838	#FFFFFF	10
839	#FFFFFF	10
840	#FFFFFF	12
841	#FFFFFF	12
842	#FFFFFF	12
843	#FFFFFF	10
844	#FFFFFF	1
845	#FFFFFF	10
846	#FFFFFF	10
847	#FFFFFF	10
848	#FFFFFF	10
849	#FFFFFF	10
850	#FFFFFF	10
854	#FFFFFF	1
855	#FFFFFF	1
856	#FFFFFF	1
857	#FFFFFF	12
858	#FFFFFF	12
860	#FFFFFF	1
861	#FFFFFF	1
862	#FFFFFF	12
863	#FFFFFF	1
864	#FFFFFF	1
865	#FFFFFF	1
866	#FFFFFF	1
867	#FFFFFF	1
868	#FFFFFF	1
869	#FFFFFF	12
870	#FFFFFF	12
871	#FFFFFF	12
872	#FFFFFF	1
873	#FFFFFF	327
874	#FFFFFF	327
875	#FFFFFF	12
876	#FFFFFF	12
877	#FFFFFF	12
878	#FFFFFF	157
879	#FFFFFF	157
880	#FFFFFF	670
881	#FFFFFF	670
882	#FFFFFF	157
883	#FFFFFF	1
884	#FFFFFF	10
885	#FFFFFF	10
886	#FFFFFF	10
887	#FFFFFF	10
888	#FFFFFF	10
889	#FFFFFF	10
890	#FFFFFF	12
891	#FFFFFF	12
892	#FFFFFF	12
893	#FFFFFF	10
894	#FFFFFF	1
895	#FFFFFF	10
896	#FFFFFF	10
897	#FFFFFF	10
898	#FFFFFF	10
899	#FFFFFF	10
900	#FFFFFF	10
901	#FFFFFF	10
905	#FFFFFF	1
906	#FFFFFF	1
907	#FFFFFF	1
908	#FFFFFF	12
909	#FFFFFF	12
910	#FFFFFF	1
911	#FFFFFF	1
912	#FFFFFF	1
913	#FFFFFF	1
914	#FFFFFF	1
915	#FFFFFF	1
916	#FFFFFF	1
917	#FFFFFF	1
918	#FFFFFF	1
919	#FFFFFF	1
920	#FFFFFF	12
921	#FFFFFF	12
922	#FFFFFF	12
923	#FFFFFF	1
924	#FFFFFF	327
925	#FFFFFF	12
926	#FFFFFF	12
927	#FFFFFF	12
928	#FFFFFF	12
929	#FFFFFF	157
930	#FFFFFF	157
931	#FFFFFF	157
932	#FFFFFF	157
933	#FFFFFF	10
934	#FFFFFF	1
935	#FFFFFF	10
936	#FFFFFF	10
937	#FFFFFF	10
938	#FFFFFF	10
939	#FFFFFF	12
940	#FFFFFF	10
941	#FFFFFF	12
942	#FFFFFF	12
943	#FFFFFF	12
944	#FFFFFF	10
945	#FFFFFF	1
946	#FFFFFF	10
947	#FFFFFF	10
948	#FFFFFF	10
949	#FFFFFF	10
950	#FFFFFF	10
951	#FFFFFF	10
952	#FFFFFF	10
955	#FFFFFF	1
956	#FFFFFF	1
957	#FFFFFF	1
958	#FFFFFF	12
959	#FFFFFF	12
961	#FFFFFF	1
962	#FFFFFF	515
963	#FFFFFF	1
964	#FFFFFF	1
965	#FFFFFF	1
966	#FFFFFF	1
967	#FFFFFF	1
968	#FFFFFF	1
969	#FFFFFF	12
970	#FFFFFF	1
971	#FFFFFF	12
972	#FFFFFF	12
973	#FFFFFF	1
974	#FFFFFF	327
975	#FFFFFF	327
976	#FFFFFF	327
977	#FFFFFF	12
978	#FFFFFF	12
979	#FFFFFF	157
980	#FFFFFF	157
981	#FFFFFF	157
982	#FFFFFF	157
983	#FFFFFF	157
984	#FFFFFF	1
985	#FFFFFF	157
986	#FFFFFF	10
987	#FFFFFF	10
988	#FFFFFF	10
989	#FFFFFF	10
990	#FFFFFF	12
991	#FFFFFF	12
992	#FFFFFF	12
993	#FFFFFF	12
994	#FFFFFF	10
995	#FFFFFF	1
996	#FFFFFF	10
997	#FFFFFF	10
998	#FFFFFF	10
999	#FFFFFF	10
1000	#FFFFFF	10
1001	#FFFFFF	10
1002	#FFFFFF	10
1003	#FFFFFF	10
1006	#FFFFFF	1
1007	#FFFFFF	1
1008	#FFFFFF	1
1009	#FFFFFF	12
1010	#FFFFFF	12
1011	#FFFFFF	1
1012	#FFFFFF	515
1013	#FFFFFF	1
1014	#FFFFFF	1
1015	#FFFFFF	12
1016	#FFFFFF	1
1017	#FFFFFF	1
1018	#FFFFFF	1
1019	#FFFFFF	1
1020	#FFFFFF	12
1021	#FFFFFF	12
1022	#FFFFFF	12
1023	#FFFFFF	12
1024	#FFFFFF	1
1025	#FFFFFF	327
1026	#FFFFFF	327
1027	#FFFFFF	327
1028	#FFFFFF	12
1029	#FFFFFF	157
1030	#FFFFFF	157
1031	#FFFFFF	157
1032	#FFFFFF	157
1033	#FFFFFF	157
1034	#FFFFFF	157
1035	#FFFFFF	1
1036	#FFFFFF	10
1037	#FFFFFF	10
1038	#FFFFFF	10
1039	#FFFFFF	10
1040	#FFFFFF	12
1041	#FFFFFF	12
1042	#FFFFFF	12
1043	#FFFFFF	12
1044	#FFFFFF	12
1045	#FFFFFF	10
1046	#FFFFFF	1
1047	#FFFFFF	10
1048	#FFFFFF	10
1049	#FFFFFF	10
1050	#FFFFFF	10
1051	#FFFFFF	10
1052	#FFFFFF	634
1053	#FFFFFF	10
1054	#FFFFFF	10
1056	#FFFFFF	12
1057	#FFFFFF	12
1058	#FFFFFF	12
1059	#FFFFFF	12
1060	#FFFFFF	12
1062	#FFFFFF	1
1063	#FFFFFF	1
1064	#FFFFFF	12
1065	#FFFFFF	12
1066	#FFFFFF	1
1067	#FFFFFF	1
1068	#FFFFFF	1
1069	#FFFFFF	1
1070	#FFFFFF	12
1071	#FFFFFF	12
1072	#FFFFFF	12
1073	#FFFFFF	12
1074	#FFFFFF	1
1075	#FFFFFF	327
1076	#FFFFFF	327
1077	#FFFFFF	327
1078	#FFFFFF	327
1079	#FFFFFF	12
1080	#FFFFFF	157
1081	#FFFFFF	157
1082	#FFFFFF	157
1083	#FFFFFF	157
1084	#FFFFFF	157
1085	#FFFFFF	1
1086	#FFFFFF	157
1087	#FFFFFF	10
1088	#FFFFFF	10
1089	#FFFFFF	10
1090	#FFFFFF	10
1091	#FFFFFF	12
1092	#FFFFFF	12
1093	#FFFFFF	12
1094	#FFFFFF	12
1095	#FFFFFF	10
1096	#FFFFFF	1
1097	#FFFFFF	10
1098	#FFFFFF	10
1099	#FFFFFF	10
1100	#FFFFFF	10
1101	#FFFFFF	10
1102	#FFFFFF	10
1103	#FFFFFF	10
1104	#FFFFFF	10
1105	#FFFFFF	10
1107	#FFFFFF	1
1108	#FFFFFF	12
1109	#FFFFFF	12
1110	#FFFFFF	12
1111	#FFFFFF	12
1112	#FFFFFF	1
1113	#FFFFFF	1
1114	#FFFFFF	1
1115	#FFFFFF	12
1116	#FFFFFF	12
1117	#FFFFFF	1
1118	#FFFFFF	1
1119	#FFFFFF	1
1120	#FFFFFF	1
1121	#FFFFFF	12
1122	#FFFFFF	12
1123	#FFFFFF	12
1124	#FFFFFF	327
1125	#FFFFFF	1
1126	#FFFFFF	327
1127	#FFFFFF	327
1128	#FFFFFF	327
1129	#FFFFFF	327
1130	#FFFFFF	12
1131	#FFFFFF	157
1132	#FFFFFF	157
1133	#FFFFFF	157
1134	#FFFFFF	157
1135	#FFFFFF	10
1136	#FFFFFF	1
1137	#FFFFFF	10
1138	#FFFFFF	10
1139	#FFFFFF	10
1140	#FFFFFF	12
1141	#FFFFFF	12
1142	#FFFFFF	12
1143	#FFFFFF	12
1144	#FFFFFF	12
1145	#FFFFFF	12
1146	#FFFFFF	10
1147	#FFFFFF	1
1148	#FFFFFF	10
1149	#FFFFFF	10
1150	#FFFFFF	10
1151	#FFFFFF	10
1152	#FFFFFF	10
1153	#FFFFFF	10
1154	#FFFFFF	10
1155	#FFFFFF	10
1156	#FFFFFF	10
1157	#FFFFFF	1
1158	#FFFFFF	1
1159	#FFFFFF	12
1160	#FFFFFF	12
1161	#FFFFFF	12
1163	#FFFFFF	165
1164	#FFFFFF	165
1165	#FFFFFF	364
1166	#FFFFFF	350
1167	#FFFFFF	350
1168	#FFFFFF	165
1169	#FFFFFF	350
1170	#FFFFFF	350
1171	#FFFFFF	10
1172	#FFFFFF	10
1173	#FFFFFF	10
1174	#FFFFFF	10
1175	#FFFFFF	165
1176	#FFFFFF	10
1177	#FFFFFF	10
1178	#FFFFFF	10
1179	#FFFFFF	10
1180	#FFFFFF	207
1181	#FFFFFF	207
1182	#FFFFFF	207
1183	#FFFFFF	207
1184	#FFFFFF	575
1185	#FFFFFF	575
1186	#FFFFFF	165
1187	#FFFFFF	207
1188	#FFFFFF	207
1197	#FFFFFF	410
1208	#FFFFFF	410
1209	#FFFFFF	165
1210	#FFFFFF	165
1211	#FFFFFF	165
1212	#FFFFFF	364
1213	#FFFFFF	165
1214	#FFFFFF	165
1215	#FFFFFF	165
1216	#FFFFFF	364
1217	#FFFFFF	350
1218	#FFFFFF	165
1219	#FFFFFF	165
1220	#FFFFFF	10
1221	#FFFFFF	10
1222	#FFFFFF	10
1223	#FFFFFF	10
1224	#FFFFFF	10
1225	#FFFFFF	10
1226	#FFFFFF	165
1227	#FFFFFF	10
1228	#FFFFFF	10
1229	#FFFFFF	10
1230	#FFFFFF	10
1231	#FFFFFF	207
1232	#FFFFFF	207
1233	#FFFFFF	207
1234	#FFFFFF	207
1235	#FFFFFF	575
1236	#FFFFFF	575
1237	#FFFFFF	410
1238	#FFFFFF	207
1239	#FFFFFF	10
1248	#FFFFFF	410
1258	#FFFFFF	410
1259	#FFFFFF	410
1260	#FFFFFF	165
1261	#FFFFFF	165
1262	#FFFFFF	364
1264	#FFFFFF	1
1265	#FFFFFF	1
1266	#FFFFFF	12
1267	#FFFFFF	12
1268	#FFFFFF	12
1269	#FFFFFF	1
1270	#FFFFFF	12
1271	#FFFFFF	1
1272	#FFFFFF	1
1273	#FFFFFF	12
1274	#FFFFFF	12
1275	#FFFFFF	12
1276	#FFFFFF	1
1277	#FFFFFF	327
1278	#FFFFFF	327
1279	#FFFFFF	327
1280	#FFFFFF	327
1281	#FFFFFF	327
1282	#FFFFFF	12
1283	#FFFFFF	157
1284	#FFFFFF	157
1285	#FFFFFF	157
1286	#FFFFFF	157
1287	#FFFFFF	1
1288	#FFFFFF	10
1289	#FFFFFF	10
1290	#FFFFFF	10
1291	#FFFFFF	10
1292	#FFFFFF	12
1293	#FFFFFF	12
1294	#FFFFFF	12
1295	#FFFFFF	12
1296	#FFFFFF	12
1297	#FFFFFF	12
1298	#FFFFFF	1
1299	#FFFFFF	10
1300	#FFFFFF	10
1301	#FFFFFF	10
1302	#FFFFFF	10
1303	#FFFFFF	10
1304	#FFFFFF	10
1305	#FFFFFF	10
1306	#FFFFFF	10
1307	#FFFFFF	10
1309	#FFFFFF	1
1310	#FFFFFF	1
1311	#FFFFFF	1
1312	#FFFFFF	12
1313	#FFFFFF	12
1314	#FFFFFF	1
1315	#FFFFFF	1
1316	#FFFFFF	1
1317	#FFFFFF	12
1318	#FFFFFF	12
1319	#FFFFFF	1
1320	#FFFFFF	12
1321	#FFFFFF	12
1322	#FFFFFF	1
1323	#FFFFFF	12
1324	#FFFFFF	12
1325	#FFFFFF	12
1326	#FFFFFF	327
1327	#FFFFFF	1
1328	#FFFFFF	327
1329	#FFFFFF	327
1330	#FFFFFF	327
1331	#FFFFFF	327
1332	#FFFFFF	12
1333	#FFFFFF	12
1334	#FFFFFF	157
1335	#FFFFFF	157
1336	#FFFFFF	157
1337	#FFFFFF	12
1338	#FFFFFF	1
1339	#FFFFFF	10
1340	#FFFFFF	10
1341	#FFFFFF	12
1342	#FFFFFF	12
1343	#FFFFFF	12
1344	#FFFFFF	12
1345	#FFFFFF	12
1346	#FFFFFF	10
1347	#FFFFFF	10
1348	#FFFFFF	10
1349	#FFFFFF	1
1350	#FFFFFF	10
1351	#FFFFFF	10
1352	#FFFFFF	10
1353	#FFFFFF	10
1354	#FFFFFF	10
1355	#FFFFFF	10
1356	#FFFFFF	10
1357	#FFFFFF	10
1358	#FFFFFF	10
1359	#FFFFFF	1
1360	#FFFFFF	1
1361	#FFFFFF	1
1362	#FFFFFF	12
1363	#FFFFFF	12
1365	#FFFFFF	1
1366	#FFFFFF	1
1367	#FFFFFF	12
1368	#FFFFFF	12
1369	#FFFFFF	12
1370	#FFFFFF	1
1371	#FFFFFF	12
1372	#FFFFFF	1
1373	#FFFFFF	12
1374	#FFFFFF	327
1375	#FFFFFF	12
1376	#FFFFFF	327
1377	#FFFFFF	1
1378	#FFFFFF	349
1379	#FFFFFF	349
1380	#FFFFFF	327
1381	#FFFFFF	349
1382	#FFFFFF	327
1383	#FFFFFF	327
1384	#FFFFFF	12
1385	#FFFFFF	157
1386	#FFFFFF	157
1387	#FFFFFF	12
1388	#FFFFFF	109
1389	#FFFFFF	10
1390	#FFFFFF	10
1391	#FFFFFF	10
1392	#FFFFFF	12
1393	#FFFFFF	12
1394	#FFFFFF	12
1395	#FFFFFF	12
1396	#FFFFFF	12
1397	#FFFFFF	10
1398	#FFFFFF	10
1399	#FFFFFF	1
1400	#FFFFFF	10
1401	#FFFFFF	10
1402	#FFFFFF	10
1403	#FFFFFF	10
1404	#FFFFFF	10
1405	#FFFFFF	10
1406	#FFFFFF	10
1407	#FFFFFF	10
1408	#FFFFFF	10
1410	#FFFFFF	1
1411	#FFFFFF	1
1412	#FFFFFF	12
1413	#FFFFFF	12
1414	#FFFFFF	12
1415	#FFFFFF	1
1416	#FFFFFF	1
1417	#FFFFFF	109
1418	#FFFFFF	12
1419	#FFFFFF	12
1420	#FFFFFF	12
1421	#FFFFFF	12
1422	#FFFFFF	12
1423	#FFFFFF	12
1424	#FFFFFF	12
1425	#FFFFFF	327
1426	#FFFFFF	327
1427	#FFFFFF	327
1428	#FFFFFF	109
1429	#FFFFFF	349
1430	#FFFFFF	349
1431	#FFFFFF	349
1432	#FFFFFF	327
1433	#FFFFFF	327
1434	#FFFFFF	327
1435	#FFFFFF	12
1436	#FFFFFF	12
1437	#FFFFFF	12
1438	#FFFFFF	10
1439	#FFFFFF	1
1440	#FFFFFF	12
1441	#FFFFFF	10
1442	#FFFFFF	10
1443	#FFFFFF	12
1444	#FFFFFF	12
1445	#FFFFFF	12
1446	#FFFFFF	12
1447	#FFFFFF	10
1448	#FFFFFF	10
1449	#FFFFFF	10
1450	#FFFFFF	1
1451	#FFFFFF	10
1452	#FFFFFF	10
1453	#FFFFFF	10
1454	#FFFFFF	10
1455	#FFFFFF	10
1456	#FFFFFF	10
1457	#FFFFFF	10
1458	#FFFFFF	10
1459	#FFFFFF	10
1460	#FFFFFF	12
1461	#FFFFFF	12
1462	#FFFFFF	12
1463	#FFFFFF	12
1464	#FFFFFF	12
1466	#FFFFFF	1
1467	#FFFFFF	1
1468	#FFFFFF	12
1469	#FFFFFF	12
1470	#FFFFFF	12
1471	#FFFFFF	12
1472	#FFFFFF	12
1473	#FFFFFF	12
1474	#FFFFFF	327
1475	#FFFFFF	327
1476	#FFFFFF	327
1477	#FFFFFF	327
1478	#FFFFFF	109
1479	#FFFFFF	349
1480	#FFFFFF	327
1481	#FFFFFF	349
1482	#FFFFFF	327
1483	#FFFFFF	327
1484	#FFFFFF	327
1485	#FFFFFF	12
1486	#FFFFFF	12
1487	#FFFFFF	12
1488	#FFFFFF	10
1489	#FFFFFF	109
1490	#FFFFFF	10
1491	#FFFFFF	12
1492	#FFFFFF	10
1493	#FFFFFF	10
1494	#FFFFFF	12
1495	#FFFFFF	12
1496	#FFFFFF	12
1497	#FFFFFF	10
1498	#FFFFFF	10
1499	#FFFFFF	10
1500	#FFFFFF	1
1501	#FFFFFF	10
1502	#FFFFFF	10
1503	#FFFFFF	12
1504	#FFFFFF	10
1505	#FFFFFF	10
1506	#FFFFFF	10
1507	#FFFFFF	10
1508	#FFFFFF	10
1509	#FFFFFF	10
1511	#FFFFFF	109
1512	#FFFFFF	12
1513	#FFFFFF	12
1514	#FFFFFF	12
1515	#FFFFFF	12
1516	#FFFFFF	1
1517	#FFFFFF	1
1518	#FFFFFF	1
1519	#FFFFFF	12
1520	#FFFFFF	631
1521	#FFFFFF	631
1522	#FFFFFF	12
1523	#FFFFFF	12
1524	#FFFFFF	327
1525	#FFFFFF	327
1526	#FFFFFF	327
1527	#FFFFFF	327
1528	#FFFFFF	349
1529	#FFFFFF	109
1530	#FFFFFF	327
1531	#FFFFFF	349
1532	#FFFFFF	327
1533	#FFFFFF	327
1534	#FFFFFF	327
1535	#FFFFFF	12
1536	#FFFFFF	12
1537	#FFFFFF	10
1538	#FFFFFF	10
1539	#FFFFFF	10
1540	#FFFFFF	1
1541	#FFFFFF	12
1542	#FFFFFF	10
1543	#FFFFFF	10
1544	#FFFFFF	12
1545	#FFFFFF	12
1546	#FFFFFF	12
1547	#FFFFFF	12
1548	#FFFFFF	10
1549	#FFFFFF	10
1550	#FFFFFF	10
1551	#FFFFFF	1
1552	#FFFFFF	10
1553	#FFFFFF	12
1554	#FFFFFF	12
1555	#FFFFFF	10
1556	#FFFFFF	10
1557	#FFFFFF	10
1558	#FFFFFF	10
1559	#FFFFFF	10
1560	#FFFFFF	10
1561	#FFFFFF	109
1562	#FFFFFF	12
1563	#FFFFFF	32
1564	#FFFFFF	32
1565	#FFFFFF	12
1567	#FFFFFF	1
1568	#FFFFFF	1
1569	#FFFFFF	32
1570	#FFFFFF	32
1571	#FFFFFF	631
1572	#FFFFFF	12
1573	#FFFFFF	12
1574	#FFFFFF	327
1575	#FFFFFF	327
1576	#FFFFFF	32
1577	#FFFFFF	327
1578	#FFFFFF	327
1579	#FFFFFF	109
1580	#FFFFFF	349
1581	#FFFFFF	327
1582	#FFFFFF	327
1583	#FFFFFF	327
1584	#FFFFFF	327
1585	#FFFFFF	12
1586	#FFFFFF	12
1587	#FFFFFF	12
1588	#FFFFFF	10
1589	#FFFFFF	10
1590	#FFFFFF	1
1591	#FFFFFF	10
1592	#FFFFFF	12
1593	#FFFFFF	10
1594	#FFFFFF	12
1595	#FFFFFF	12
1596	#FFFFFF	12
1597	#FFFFFF	12
1598	#FFFFFF	12
1599	#FFFFFF	10
1600	#FFFFFF	10
1601	#FFFFFF	1
1602	#FFFFFF	10
1603	#FFFFFF	12
1604	#FFFFFF	12
1605	#FFFFFF	12
1606	#FFFFFF	10
1607	#FFFFFF	10
1608	#FFFFFF	10
1609	#FFFFFF	10
1610	#FFFFFF	10
1612	#FFFFFF	621
1613	#FFFFFF	109
1614	#FFFFFF	32
1615	#FFFFFF	32
1616	#FFFFFF	12
1617	#FFFFFF	32
1618	#FFFFFF	1
1619	#FFFFFF	32
1620	#FFFFFF	32
1621	#FFFFFF	631
1622	#FFFFFF	631
1623	#FFFFFF	12
1624	#FFFFFF	12
1625	#FFFFFF	12
1626	#FFFFFF	32
1627	#FFFFFF	327
1628	#FFFFFF	327
1629	#FFFFFF	327
1630	#FFFFFF	109
1631	#FFFFFF	349
1632	#FFFFFF	327
1633	#FFFFFF	32
1634	#FFFFFF	32
1635	#FFFFFF	327
1636	#FFFFFF	327
1637	#FFFFFF	12
1638	#FFFFFF	10
1639	#FFFFFF	10
1640	#FFFFFF	12
1641	#FFFFFF	1
1642	#FFFFFF	12
1643	#FFFFFF	12
1644	#FFFFFF	12
1645	#FFFFFF	12
1646	#FFFFFF	12
1647	#FFFFFF	12
1648	#FFFFFF	12
1649	#FFFFFF	12
1650	#FFFFFF	10
1651	#FFFFFF	10
1652	#FFFFFF	621
1653	#FFFFFF	10
1654	#FFFFFF	12
1655	#FFFFFF	10
1656	#FFFFFF	12
1657	#FFFFFF	10
1658	#FFFFFF	10
1659	#FFFFFF	10
1660	#FFFFFF	10
1661	#FFFFFF	10
1662	#FFFFFF	621
1663	#FFFFFF	109
1664	#FFFFFF	32
1665	#FFFFFF	32
1666	#FFFFFF	12
1668	#FFFFFF	32
1669	#FFFFFF	32
1670	#FFFFFF	32
1671	#FFFFFF	12
1672	#FFFFFF	12
1673	#FFFFFF	12
1674	#FFFFFF	12
1675	#FFFFFF	12
1676	#FFFFFF	32
1677	#FFFFFF	32
1678	#FFFFFF	327
1679	#FFFFFF	327
1680	#FFFFFF	109
1681	#FFFFFF	327
1682	#FFFFFF	327
1683	#FFFFFF	327
1684	#FFFFFF	32
1685	#FFFFFF	327
1686	#FFFFFF	327
1687	#FFFFFF	12
1688	#FFFFFF	12
1689	#FFFFFF	12
1690	#FFFFFF	12
1691	#FFFFFF	1
1692	#FFFFFF	12
1693	#FFFFFF	12
1694	#FFFFFF	12
1695	#FFFFFF	12
1696	#FFFFFF	12
1697	#FFFFFF	12
1698	#FFFFFF	12
1699	#FFFFFF	12
1700	#FFFFFF	10
1701	#FFFFFF	10
1702	#FFFFFF	1
1703	#FFFFFF	10
1704	#FFFFFF	12
1705	#FFFFFF	12
1706	#FFFFFF	10
1707	#FFFFFF	10
1708	#FFFFFF	10
1709	#FFFFFF	10
1710	#FFFFFF	10
1711	#FFFFFF	10
1713	#FFFFFF	109
1714	#FFFFFF	109
1715	#FFFFFF	32
1716	#FFFFFF	32
1717	#FFFFFF	32
1718	#FFFFFF	32
1719	#FFFFFF	32
1720	#FFFFFF	109
1721	#FFFFFF	32
1722	#FFFFFF	12
1723	#FFFFFF	12
1724	#FFFFFF	12
1725	#FFFFFF	12
1726	#FFFFFF	32
1727	#FFFFFF	32
1728	#FFFFFF	32
1729	#FFFFFF	327
1730	#FFFFFF	327
1731	#FFFFFF	109
1732	#FFFFFF	327
1733	#FFFFFF	327
1734	#FFFFFF	32
1735	#FFFFFF	327
1736	#FFFFFF	327
1737	#FFFFFF	12
1738	#FFFFFF	12
1739	#FFFFFF	12
1740	#FFFFFF	12
1741	#FFFFFF	12
1742	#FFFFFF	1
1743	#FFFFFF	12
1744	#FFFFFF	12
1745	#FFFFFF	12
1746	#FFFFFF	12
1747	#FFFFFF	12
1748	#FFFFFF	12
1749	#FFFFFF	12
1750	#FFFFFF	12
1751	#FFFFFF	12
1752	#FFFFFF	10
1753	#FFFFFF	109
1754	#FFFFFF	12
1755	#FFFFFF	12
1756	#FFFFFF	12
1757	#FFFFFF	10
1758	#FFFFFF	10
1759	#FFFFFF	10
1760	#FFFFFF	10
1761	#FFFFFF	10
1762	#FFFFFF	10
1763	#FFFFFF	109
1764	#FFFFFF	32
1765	#FFFFFF	32
1766	#FFFFFF	32
1767	#FFFFFF	32
1769	#FFFFFF	32
1770	#FFFFFF	109
1771	#FFFFFF	32
1772	#FFFFFF	32
1773	#FFFFFF	12
1774	#FFFFFF	12
1775	#FFFFFF	12
1776	#FFFFFF	32
1777	#FFFFFF	32
1778	#FFFFFF	32
1779	#FFFFFF	32
1780	#FFFFFF	327
1781	#FFFFFF	109
1782	#FFFFFF	32
1783	#FFFFFF	327
1784	#FFFFFF	32
1785	#FFFFFF	32
1786	#FFFFFF	32
1787	#FFFFFF	12
1788	#FFFFFF	12
1789	#FFFFFF	12
1790	#FFFFFF	12
1791	#FFFFFF	12
1792	#FFFFFF	109
1793	#FFFFFF	12
1794	#FFFFFF	12
1795	#FFFFFF	12
1796	#FFFFFF	12
1797	#FFFFFF	12
1798	#FFFFFF	12
1799	#FFFFFF	12
1800	#FFFFFF	12
1801	#FFFFFF	12
1802	#FFFFFF	12
1803	#FFFFFF	1
1804	#FFFFFF	12
1805	#FFFFFF	12
1806	#FFFFFF	12
1807	#FFFFFF	12
1808	#FFFFFF	12
1809	#FFFFFF	10
1810	#FFFFFF	10
1811	#FFFFFF	10
1812	#FFFFFF	10
1814	#FFFFFF	109
1815	#FFFFFF	505
1816	#FFFFFF	89
1817	#FFFFFF	32
1818	#FFFFFF	32
1819	#FFFFFF	32
1820	#FFFFFF	32
1821	#FFFFFF	32
1822	#FFFFFF	32
1823	#FFFFFF	32
1824	#FFFFFF	32
1825	#FFFFFF	32
1826	#FFFFFF	32
1827	#FFFFFF	32
1828	#FFFFFF	32
1829	#FFFFFF	32
1830	#FFFFFF	32
1831	#FFFFFF	32
1832	#FFFFFF	614
1833	#FFFFFF	327
1834	#FFFFFF	327
1835	#FFFFFF	32
1836	#FFFFFF	32
1837	#FFFFFF	12
1838	#FFFFFF	266
1839	#FFFFFF	12
1840	#FFFFFF	12
1841	#FFFFFF	12
1842	#FFFFFF	12
1843	#FFFFFF	109
1844	#FFFFFF	12
1845	#FFFFFF	12
1846	#FFFFFF	12
1847	#FFFFFF	12
1848	#FFFFFF	12
1849	#FFFFFF	12
1850	#FFFFFF	12
1851	#FFFFFF	12
1852	#FFFFFF	12
1853	#FFFFFF	12
1854	#FFFFFF	109
1855	#FFFFFF	12
1856	#FFFFFF	12
1857	#FFFFFF	370
1858	#FFFFFF	12
1859	#FFFFFF	12
1860	#FFFFFF	10
1861	#FFFFFF	10
1862	#FFFFFF	10
1863	#FFFFFF	10
1864	#FFFFFF	89
1865	#FFFFFF	89
1866	#FFFFFF	32
1867	#FFFFFF	32
1868	#FFFFFF	32
1870	#FFFFFF	32
1871	#FFFFFF	32
1872	#FFFFFF	32
1873	#FFFFFF	32
1874	#FFFFFF	32
1875	#FFFFFF	32
1876	#FFFFFF	32
1877	#FFFFFF	32
1878	#FFFFFF	32
1879	#FFFFFF	32
1880	#FFFFFF	32
1881	#FFFFFF	32
1882	#FFFFFF	32
1883	#FFFFFF	32
1884	#FFFFFF	32
1885	#FFFFFF	32
1886	#FFFFFF	266
1887	#FFFFFF	32
1888	#FFFFFF	12
1889	#FFFFFF	266
1890	#FFFFFF	12
1891	#FFFFFF	12
1892	#FFFFFF	12
1893	#FFFFFF	32
1894	#FFFFFF	12
1895	#FFFFFF	12
1896	#FFFFFF	12
1897	#FFFFFF	12
1898	#FFFFFF	12
1899	#FFFFFF	12
1900	#FFFFFF	12
1901	#FFFFFF	12
1902	#FFFFFF	12
1903	#FFFFFF	12
1904	#FFFFFF	109
1905	#FFFFFF	12
1906	#FFFFFF	12
1907	#FFFFFF	370
1908	#FFFFFF	370
1909	#FFFFFF	12
1910	#FFFFFF	12
1911	#FFFFFF	10
1912	#FFFFFF	10
1913	#FFFFFF	10
1915	#FFFFFF	89
1916	#FFFFFF	89
1917	#FFFFFF	89
1918	#FFFFFF	32
1919	#FFFFFF	32
1920	#FFFFFF	32
1921	#FFFFFF	32
1922	#FFFFFF	32
1923	#FFFFFF	32
1924	#FFFFFF	32
1925	#FFFFFF	32
1926	#FFFFFF	32
1927	#FFFFFF	32
1928	#FFFFFF	32
1929	#FFFFFF	32
1930	#FFFFFF	32
1931	#FFFFFF	32
1932	#FFFFFF	32
1933	#FFFFFF	32
1934	#FFFFFF	32
1935	#FFFFFF	32
1936	#FFFFFF	266
1937	#FFFFFF	32
1938	#FFFFFF	32
1939	#FFFFFF	266
1940	#FFFFFF	12
1941	#FFFFFF	12
1942	#FFFFFF	12
1943	#FFFFFF	12
1944	#FFFFFF	109
1945	#FFFFFF	12
1946	#FFFFFF	12
1947	#FFFFFF	12
1948	#FFFFFF	12
1949	#FFFFFF	12
1950	#FFFFFF	12
1951	#FFFFFF	12
1952	#FFFFFF	12
1953	#FFFFFF	12
1954	#FFFFFF	12
1955	#FFFFFF	109
1956	#FFFFFF	12
1957	#FFFFFF	370
1958	#FFFFFF	367
1959	#FFFFFF	370
1960	#FFFFFF	10
1961	#FFFFFF	12
1962	#FFFFFF	10
1963	#FFFFFF	10
1964	#FFFFFF	10
1965	#FFFFFF	89
1966	#FFFFFF	89
1967	#FFFFFF	32
1968	#FFFFFF	32
1969	#FFFFFF	32
1971	#FFFFFF	32
1972	#FFFFFF	32
1973	#FFFFFF	32
1974	#FFFFFF	32
1975	#FFFFFF	32
1976	#FFFFFF	32
1977	#FFFFFF	32
1978	#FFFFFF	32
1979	#FFFFFF	32
1980	#FFFFFF	32
1981	#FFFFFF	32
1982	#FFFFFF	32
1983	#FFFFFF	32
1984	#FFFFFF	32
1985	#FFFFFF	32
1986	#FFFFFF	32
1987	#FFFFFF	266
1988	#FFFFFF	32
1989	#FFFFFF	266
1990	#FFFFFF	12
1991	#FFFFFF	12
1992	#FFFFFF	12
1993	#FFFFFF	12
1994	#FFFFFF	32
1995	#FFFFFF	12
1996	#FFFFFF	12
1997	#FFFFFF	12
1998	#FFFFFF	12
1999	#FFFFFF	12
2000	#FFFFFF	12
2001	#FFFFFF	12
2002	#FFFFFF	12
2003	#FFFFFF	12
2004	#FFFFFF	12
2005	#FFFFFF	109
2006	#FFFFFF	12
2007	#FFFFFF	12
2008	#FFFFFF	370
2009	#FFFFFF	367
2010	#FFFFFF	370
2011	#FFFFFF	10
2012	#FFFFFF	10
2013	#FFFFFF	10
2014	#FFFFFF	10
2016	#FFFFFF	109
2017	#FFFFFF	89
2018	#FFFFFF	89
2019	#FFFFFF	89
2020	#FFFFFF	32
2021	#FFFFFF	130
2022	#FFFFFF	32
2023	#FFFFFF	32
2024	#FFFFFF	32
2025	#FFFFFF	32
2026	#FFFFFF	32
2027	#FFFFFF	32
2028	#FFFFFF	32
2029	#FFFFFF	32
2030	#FFFFFF	32
2031	#FFFFFF	32
2032	#FFFFFF	32
2033	#FFFFFF	32
2034	#FFFFFF	32
2035	#FFFFFF	395
2036	#FFFFFF	32
2037	#FFFFFF	266
2038	#FFFFFF	266
2039	#FFFFFF	266
2040	#FFFFFF	266
2041	#FFFFFF	266
2042	#FFFFFF	12
2043	#FFFFFF	12
2044	#FFFFFF	12
2045	#FFFFFF	109
2046	#FFFFFF	12
2047	#FFFFFF	12
2048	#FFFFFF	12
2049	#FFFFFF	12
2050	#FFFFFF	12
2051	#FFFFFF	12
2052	#FFFFFF	12
2053	#FFFFFF	12
2054	#FFFFFF	12
2055	#FFFFFF	12
2056	#FFFFFF	32
2057	#FFFFFF	12
2058	#FFFFFF	370
2059	#FFFFFF	367
2060	#FFFFFF	367
2061	#FFFFFF	10
2062	#FFFFFF	10
2063	#FFFFFF	10
2064	#FFFFFF	10
2065	#FFFFFF	10
2066	#FFFFFF	109
2067	#FFFFFF	89
2068	#FFFFFF	89
2069	#FFFFFF	89
2070	#FFFFFF	32
2072	#FFFFFF	32
2073	#FFFFFF	32
2074	#FFFFFF	89
2075	#FFFFFF	89
2076	#FFFFFF	32
2077	#FFFFFF	32
2078	#FFFFFF	32
2079	#FFFFFF	32
2080	#FFFFFF	32
2081	#FFFFFF	32
2082	#FFFFFF	32
2083	#FFFFFF	32
2084	#FFFFFF	32
2085	#FFFFFF	32
2086	#FFFFFF	545
2087	#FFFFFF	32
2088	#FFFFFF	266
2089	#FFFFFF	266
2090	#FFFFFF	12
2091	#FFFFFF	266
2092	#FFFFFF	266
2093	#FFFFFF	12
2094	#FFFFFF	12
2095	#FFFFFF	32
2096	#FFFFFF	12
2097	#FFFFFF	12
2098	#FFFFFF	12
2099	#FFFFFF	12
2100	#FFFFFF	12
2101	#FFFFFF	12
2102	#FFFFFF	12
2103	#FFFFFF	12
2104	#FFFFFF	12
2105	#FFFFFF	12
2106	#FFFFFF	32
2107	#FFFFFF	12
2108	#FFFFFF	12
2109	#FFFFFF	370
2110	#FFFFFF	367
2111	#FFFFFF	370
2112	#FFFFFF	10
2113	#FFFFFF	10
2114	#FFFFFF	10
2115	#FFFFFF	10
2117	#FFFFFF	32
2118	#FFFFFF	109
2119	#FFFFFF	89
2120	#FFFFFF	89
2121	#FFFFFF	89
2122	#FFFFFF	130
2123	#FFFFFF	32
2124	#FFFFFF	32
2125	#FFFFFF	89
2126	#FFFFFF	32
2127	#FFFFFF	32
2128	#FFFFFF	32
2129	#FFFFFF	32
2130	#FFFFFF	32
2131	#FFFFFF	32
2132	#FFFFFF	32
2133	#FFFFFF	32
2134	#FFFFFF	32
2135	#FFFFFF	32
2136	#FFFFFF	32
2137	#FFFFFF	376
2138	#FFFFFF	32
2139	#FFFFFF	266
2140	#FFFFFF	266
2141	#FFFFFF	12
2142	#FFFFFF	266
2143	#FFFFFF	12
2144	#FFFFFF	12
2145	#FFFFFF	12
2146	#FFFFFF	32
2147	#FFFFFF	12
2148	#FFFFFF	12
2149	#FFFFFF	12
2150	#FFFFFF	12
2151	#FFFFFF	12
2152	#FFFFFF	12
2153	#FFFFFF	12
2154	#FFFFFF	12
2155	#FFFFFF	12
2156	#FFFFFF	12
2157	#FFFFFF	32
2158	#FFFFFF	12
2159	#FFFFFF	12
2160	#FFFFFF	370
2161	#FFFFFF	370
2162	#FFFFFF	10
2163	#FFFFFF	10
2164	#FFFFFF	10
2165	#FFFFFF	10
2166	#FFFFFF	735
2167	#FFFFFF	32
2168	#FFFFFF	109
2169	#FFFFFF	89
2170	#FFFFFF	89
2171	#FFFFFF	89
2173	#FFFFFF	32
2174	#FFFFFF	32
2175	#FFFFFF	89
2176	#FFFFFF	89
2177	#FFFFFF	89
2178	#FFFFFF	32
2179	#FFFFFF	32
2180	#FFFFFF	32
2181	#FFFFFF	32
2182	#FFFFFF	32
2183	#FFFFFF	32
2184	#FFFFFF	323
2185	#FFFFFF	32
2186	#FFFFFF	32
2187	#FFFFFF	376
2188	#FFFFFF	472
2189	#FFFFFF	266
2190	#FFFFFF	12
2191	#FFFFFF	12
2192	#FFFFFF	266
2193	#FFFFFF	12
2194	#FFFFFF	110
2195	#FFFFFF	110
2196	#FFFFFF	32
2197	#FFFFFF	12
2198	#FFFFFF	12
2199	#FFFFFF	12
2200	#FFFFFF	12
2201	#FFFFFF	12
2202	#FFFFFF	12
2203	#FFFFFF	12
2204	#FFFFFF	12
2205	#FFFFFF	12
2206	#FFFFFF	12
2207	#FFFFFF	32
2208	#FFFFFF	12
2209	#FFFFFF	12
2210	#FFFFFF	370
2211	#FFFFFF	370
2212	#FFFFFF	10
2213	#FFFFFF	10
2214	#FFFFFF	10
2215	#FFFFFF	10
2216	#FFFFFF	10
2218	#FFFFFF	32
2219	#FFFFFF	32
2220	#FFFFFF	89
2221	#FFFFFF	89
2222	#FFFFFF	89
2223	#FFFFFF	661
2224	#FFFFFF	32
2225	#FFFFFF	737
2226	#FFFFFF	89
2227	#FFFFFF	89
2228	#FFFFFF	32
2229	#FFFFFF	32
2230	#FFFFFF	32
2231	#FFFFFF	32
2232	#FFFFFF	32
2233	#FFFFFF	323
2234	#FFFFFF	323
2235	#FFFFFF	323
2236	#FFFFFF	32
2237	#FFFFFF	32
2238	#FFFFFF	376
2239	#FFFFFF	266
2240	#FFFFFF	12
2241	#FFFFFF	12
2242	#FFFFFF	12
2243	#FFFFFF	12
2244	#FFFFFF	110
2245	#FFFFFF	110
2246	#FFFFFF	12
2247	#FFFFFF	32
2248	#FFFFFF	12
2249	#FFFFFF	12
2250	#FFFFFF	12
2251	#FFFFFF	12
2252	#FFFFFF	12
2253	#FFFFFF	12
2254	#FFFFFF	12
2255	#FFFFFF	12
2256	#FFFFFF	12
2257	#FFFFFF	12
2258	#FFFFFF	32
2259	#FFFFFF	12
2260	#FFFFFF	12
2261	#FFFFFF	370
2262	#FFFFFF	370
2263	#FFFFFF	10
2264	#FFFFFF	10
2265	#FFFFFF	10
2266	#FFFFFF	10
2267	#FFFFFF	735
2268	#FFFFFF	32
2269	#FFFFFF	89
2270	#FFFFFF	89
2271	#FFFFFF	89
2272	#FFFFFF	89
2274	#FFFFFF	165
2275	#FFFFFF	165
2276	#FFFFFF	364
2277	#FFFFFF	350
2278	#FFFFFF	350
2279	#FFFFFF	165
2280	#FFFFFF	165
2281	#FFFFFF	10
2282	#FFFFFF	10
2283	#FFFFFF	10
2284	#FFFFFF	10
2285	#FFFFFF	10
2286	#FFFFFF	165
2287	#FFFFFF	10
2288	#FFFFFF	10
2289	#FFFFFF	10
2290	#FFFFFF	10
2291	#FFFFFF	10
2292	#FFFFFF	207
2293	#FFFFFF	207
2294	#FFFFFF	10
2295	#FFFFFF	207
2296	#FFFFFF	575
2297	#FFFFFF	165
2298	#FFFFFF	207
2299	#FFFFFF	10
2300	#FFFFFF	10
2308	#FFFFFF	410
2319	#FFFFFF	410
2320	#FFFFFF	410
2321	#FFFFFF	165
2322	#FFFFFF	165
2323	#FFFFFF	364
2324	#FFFFFF	165
2325	#FFFFFF	165
2326	#FFFFFF	165
2327	#FFFFFF	350
2328	#FFFFFF	350
2329	#FFFFFF	350
2330	#FFFFFF	165
2331	#FFFFFF	10
2332	#FFFFFF	10
2333	#FFFFFF	10
2334	#FFFFFF	10
2335	#FFFFFF	10
2336	#FFFFFF	10
2337	#FFFFFF	410
2338	#FFFFFF	10
2339	#FFFFFF	10
2340	#FFFFFF	10
2341	#FFFFFF	10
2342	#FFFFFF	10
2343	#FFFFFF	207
2344	#FFFFFF	10
2345	#FFFFFF	10
2346	#FFFFFF	207
2347	#FFFFFF	575
2348	#FFFFFF	410
2349	#FFFFFF	207
2350	#FFFFFF	10
2351	#FFFFFF	10
2359	#FFFFFF	410
2369	#FFFFFF	410
2370	#FFFFFF	410
2371	#FFFFFF	165
2372	#FFFFFF	364
2373	#FFFFFF	364
2375	#FFFFFF	32
2376	#FFFFFF	32
2377	#FFFFFF	89
2378	#FFFFFF	89
2379	#FFFFFF	32
2380	#FFFFFF	32
2381	#FFFFFF	32
2382	#FFFFFF	32
2383	#FFFFFF	32
2384	#FFFFFF	32
2385	#FFFFFF	323
2386	#FFFFFF	32
2387	#FFFFFF	32
2388	#FFFFFF	323
2389	#FFFFFF	376
2390	#FFFFFF	266
2391	#FFFFFF	12
2392	#FFFFFF	12
2393	#FFFFFF	12
2394	#FFFFFF	12
2395	#FFFFFF	110
2396	#FFFFFF	110
2397	#FFFFFF	12
2398	#FFFFFF	32
2399	#FFFFFF	12
2400	#FFFFFF	12
2401	#FFFFFF	12
2402	#FFFFFF	12
2403	#FFFFFF	12
2404	#FFFFFF	12
2405	#FFFFFF	12
2406	#FFFFFF	12
2407	#FFFFFF	12
2408	#FFFFFF	12
2409	#FFFFFF	32
2410	#FFFFFF	12
2411	#FFFFFF	12
2412	#FFFFFF	12
2413	#FFFFFF	370
2414	#FFFFFF	10
2415	#FFFFFF	370
2416	#FFFFFF	10
2417	#FFFFFF	10
2418	#FFFFFF	735
2420	#FFFFFF	32
2421	#FFFFFF	89
2422	#FFFFFF	89
2423	#FFFFFF	89
2424	#FFFFFF	89
2425	#FFFFFF	661
2426	#FFFFFF	219
2427	#FFFFFF	32
2428	#FFFFFF	89
2429	#FFFFFF	32
2430	#FFFFFF	32
2431	#FFFFFF	32
2432	#FFFFFF	32
2433	#FFFFFF	32
2434	#FFFFFF	32
2435	#FFFFFF	323
2436	#FFFFFF	32
2437	#FFFFFF	323
2438	#FFFFFF	32
2439	#FFFFFF	323
2440	#FFFFFF	266
2441	#FFFFFF	12
2442	#FFFFFF	12
2443	#FFFFFF	12
2444	#FFFFFF	12
2445	#FFFFFF	110
2446	#FFFFFF	110
2447	#FFFFFF	110
2448	#FFFFFF	110
2449	#FFFFFF	32
2450	#FFFFFF	110
2451	#FFFFFF	12
2452	#FFFFFF	12
2453	#FFFFFF	12
2454	#FFFFFF	12
2455	#FFFFFF	12
2456	#FFFFFF	12
2457	#FFFFFF	12
2458	#FFFFFF	12
2459	#FFFFFF	12
2460	#FFFFFF	32
2461	#FFFFFF	12
2462	#FFFFFF	12
2463	#FFFFFF	12
2464	#FFFFFF	370
2465	#FFFFFF	370
2466	#FFFFFF	370
2467	#FFFFFF	10
2468	#FFFFFF	10
2469	#FFFFFF	735
2470	#FFFFFF	32
2471	#FFFFFF	89
2472	#FFFFFF	89
2473	#FFFFFF	89
2474	#FFFFFF	89
2476	#FFFFFF	219
2477	#FFFFFF	32
2478	#FFFFFF	89
2479	#FFFFFF	89
2480	#FFFFFF	32
2481	#FFFFFF	89
2482	#FFFFFF	32
2483	#FFFFFF	32
2484	#FFFFFF	32
2485	#FFFFFF	32
2486	#FFFFFF	32
2487	#FFFFFF	32
2488	#FFFFFF	32
2489	#FFFFFF	266
2490	#FFFFFF	266
2491	#FFFFFF	12
2492	#FFFFFF	12
2493	#FFFFFF	12
2494	#FFFFFF	12
2495	#FFFFFF	110
2496	#FFFFFF	110
2497	#FFFFFF	110
2498	#FFFFFF	110
2499	#FFFFFF	32
2500	#FFFFFF	110
2501	#FFFFFF	110
2502	#FFFFFF	12
2503	#FFFFFF	12
2504	#FFFFFF	12
2505	#FFFFFF	12
2506	#FFFFFF	12
2507	#FFFFFF	12
2508	#FFFFFF	12
2509	#FFFFFF	12
2510	#FFFFFF	32
2511	#FFFFFF	12
2512	#FFFFFF	12
2513	#FFFFFF	12
2514	#FFFFFF	370
2515	#FFFFFF	370
2516	#FFFFFF	370
2517	#FFFFFF	10
2518	#FFFFFF	10
2519	#FFFFFF	10
2521	#FFFFFF	32
2522	#FFFFFF	89
2523	#FFFFFF	89
2524	#FFFFFF	89
2525	#FFFFFF	89
2526	#FFFFFF	219
2527	#FFFFFF	219
2528	#FFFFFF	32
2529	#FFFFFF	89
2530	#FFFFFF	89
2531	#FFFFFF	32
2532	#FFFFFF	89
2533	#FFFFFF	89
2534	#FFFFFF	32
2535	#FFFFFF	32
2536	#FFFFFF	32
2537	#FFFFFF	32
2538	#FFFFFF	32
2539	#FFFFFF	32
2540	#FFFFFF	266
2541	#FFFFFF	266
2542	#FFFFFF	12
2543	#FFFFFF	12
2544	#FFFFFF	12
2545	#FFFFFF	110
2546	#FFFFFF	110
2547	#FFFFFF	110
2548	#FFFFFF	110
2549	#FFFFFF	110
2550	#FFFFFF	32
2551	#FFFFFF	110
2552	#FFFFFF	110
2553	#FFFFFF	12
2554	#FFFFFF	12
2555	#FFFFFF	12
2556	#FFFFFF	12
2557	#FFFFFF	12
2558	#FFFFFF	12
2559	#FFFFFF	12
2560	#FFFFFF	12
2561	#FFFFFF	32
2562	#FFFFFF	12
2563	#FFFFFF	12
2564	#FFFFFF	12
2565	#FFFFFF	370
2566	#FFFFFF	10
2567	#FFFFFF	10
2568	#FFFFFF	10
2569	#FFFFFF	10
2570	#FFFFFF	10
2571	#FFFFFF	32
2572	#FFFFFF	32
2573	#FFFFFF	89
2574	#FFFFFF	89
2575	#FFFFFF	89
2577	#FFFFFF	130
2578	#FFFFFF	219
2579	#FFFFFF	89
2580	#FFFFFF	89
2581	#FFFFFF	89
2582	#FFFFFF	89
2583	#FFFFFF	89
2584	#FFFFFF	32
2585	#FFFFFF	32
2586	#FFFFFF	32
2587	#FFFFFF	32
2588	#FFFFFF	32
2589	#FFFFFF	32
2590	#FFFFFF	32
2591	#FFFFFF	12
2592	#FFFFFF	12
2593	#FFFFFF	12
2594	#FFFFFF	12
2595	#FFFFFF	12
2596	#FFFFFF	110
2597	#FFFFFF	110
2598	#FFFFFF	110
2599	#FFFFFF	110
2600	#FFFFFF	32
2601	#FFFFFF	110
2602	#FFFFFF	110
2603	#FFFFFF	12
2604	#FFFFFF	12
2605	#FFFFFF	12
2606	#FFFFFF	12
2607	#FFFFFF	12
2608	#FFFFFF	12
2609	#FFFFFF	12
2610	#FFFFFF	12
2611	#FFFFFF	32
2612	#FFFFFF	12
2613	#FFFFFF	12
2614	#FFFFFF	12
2615	#FFFFFF	12
2616	#FFFFFF	370
2617	#FFFFFF	10
2618	#FFFFFF	10
2619	#FFFFFF	10
2620	#FFFFFF	10
2622	#FFFFFF	32
2623	#FFFFFF	32
2624	#FFFFFF	32
2625	#FFFFFF	32
2626	#FFFFFF	32
2627	#FFFFFF	130
2628	#FFFFFF	130
2629	#FFFFFF	219
2630	#FFFFFF	89
2631	#FFFFFF	89
2632	#FFFFFF	89
2633	#FFFFFF	89
2634	#FFFFFF	89
2635	#FFFFFF	32
2636	#FFFFFF	32
2637	#FFFFFF	32
2638	#FFFFFF	32
2639	#FFFFFF	32
2640	#FFFFFF	32
2641	#FFFFFF	12
2642	#FFFFFF	12
2643	#FFFFFF	12
2644	#FFFFFF	12
2645	#FFFFFF	12
2646	#FFFFFF	12
2647	#FFFFFF	110
2648	#FFFFFF	110
2649	#FFFFFF	110
2650	#FFFFFF	110
2651	#FFFFFF	32
2652	#FFFFFF	110
2653	#FFFFFF	110
2654	#FFFFFF	12
2655	#FFFFFF	12
2656	#FFFFFF	110
2657	#FFFFFF	110
2658	#FFFFFF	12
2659	#FFFFFF	12
2660	#FFFFFF	12
2661	#FFFFFF	12
2662	#FFFFFF	32
2663	#FFFFFF	12
2664	#FFFFFF	12
2665	#FFFFFF	12
2666	#FFFFFF	370
2667	#FFFFFF	370
2668	#FFFFFF	10
2669	#FFFFFF	10
2670	#FFFFFF	10
2671	#FFFFFF	10
2672	#FFFFFF	32
2673	#FFFFFF	32
2674	#FFFFFF	32
2675	#FFFFFF	32
2676	#FFFFFF	89
2678	#FFFFFF	130
2679	#FFFFFF	130
2680	#FFFFFF	89
2681	#FFFFFF	89
2682	#FFFFFF	89
2683	#FFFFFF	89
2684	#FFFFFF	89
2685	#FFFFFF	89
2686	#FFFFFF	32
2687	#FFFFFF	32
2688	#FFFFFF	32
2689	#FFFFFF	32
2690	#FFFFFF	219
2691	#FFFFFF	32
2692	#FFFFFF	12
2693	#FFFFFF	12
2694	#FFFFFF	12
2695	#FFFFFF	12
2696	#FFFFFF	110
2697	#FFFFFF	110
2698	#FFFFFF	110
2699	#FFFFFF	110
2700	#FFFFFF	110
2701	#FFFFFF	32
2702	#FFFFFF	110
2703	#FFFFFF	110
2704	#FFFFFF	110
2705	#FFFFFF	110
2706	#FFFFFF	110
2707	#FFFFFF	110
2708	#FFFFFF	12
2709	#FFFFFF	12
2710	#FFFFFF	12
2711	#FFFFFF	12
2712	#FFFFFF	32
2713	#FFFFFF	12
2714	#FFFFFF	12
2715	#FFFFFF	12
2716	#FFFFFF	370
2717	#FFFFFF	12
2718	#FFFFFF	370
2719	#FFFFFF	370
2720	#FFFFFF	10
2721	#FFFFFF	10
2723	#FFFFFF	32
2724	#FFFFFF	32
2725	#FFFFFF	32
2726	#FFFFFF	32
2727	#FFFFFF	32
2728	#FFFFFF	130
2729	#FFFFFF	130
2730	#FFFFFF	219
2731	#FFFFFF	89
2732	#FFFFFF	89
2733	#FFFFFF	89
2734	#FFFFFF	89
2735	#FFFFFF	89
2736	#FFFFFF	32
2737	#FFFFFF	32
2738	#FFFFFF	32
2739	#FFFFFF	32
2740	#FFFFFF	12
2741	#FFFFFF	32
2742	#FFFFFF	12
2743	#FFFFFF	12
2744	#FFFFFF	12
2745	#FFFFFF	12
2746	#FFFFFF	110
2747	#FFFFFF	110
2748	#FFFFFF	110
2749	#FFFFFF	110
2750	#FFFFFF	110
2751	#FFFFFF	110
2752	#FFFFFF	32
2753	#FFFFFF	110
2754	#FFFFFF	110
2755	#FFFFFF	110
2756	#FFFFFF	110
2757	#FFFFFF	110
2758	#FFFFFF	12
2759	#FFFFFF	12
2760	#FFFFFF	12
2761	#FFFFFF	12
2762	#FFFFFF	12
2763	#FFFFFF	32
2764	#FFFFFF	12
2765	#FFFFFF	12
2766	#FFFFFF	12
2767	#FFFFFF	12
2768	#FFFFFF	12
2769	#FFFFFF	370
2770	#FFFFFF	10
2771	#FFFFFF	10
2772	#FFFFFF	10
2773	#FFFFFF	32
2774	#FFFFFF	32
2775	#FFFFFF	32
2776	#FFFFFF	32
2777	#FFFFFF	32
2779	#FFFFFF	130
2780	#FFFFFF	130
2781	#FFFFFF	89
2782	#FFFFFF	32
2783	#FFFFFF	89
2784	#FFFFFF	89
2785	#FFFFFF	89
2786	#FFFFFF	32
2787	#FFFFFF	32
2788	#FFFFFF	32
2789	#FFFFFF	32
2790	#FFFFFF	12
2791	#FFFFFF	219
2792	#FFFFFF	12
2793	#FFFFFF	12
2794	#FFFFFF	12
2795	#FFFFFF	12
2796	#FFFFFF	12
2797	#FFFFFF	12
2798	#FFFFFF	110
2799	#FFFFFF	110
2800	#FFFFFF	110
2801	#FFFFFF	110
2802	#FFFFFF	32
2803	#FFFFFF	110
2804	#FFFFFF	110
2805	#FFFFFF	110
2806	#FFFFFF	110
2807	#FFFFFF	110
2808	#FFFFFF	12
2809	#FFFFFF	12
2810	#FFFFFF	12
2811	#FFFFFF	12
2812	#FFFFFF	12
2813	#FFFFFF	32
2814	#FFFFFF	12
2815	#FFFFFF	12
2816	#FFFFFF	10
2817	#FFFFFF	12
2818	#FFFFFF	10
2819	#FFFFFF	370
2820	#FFFFFF	10
2821	#FFFFFF	10
2822	#FFFFFF	10
2824	#FFFFFF	32
2825	#FFFFFF	32
2826	#FFFFFF	32
2827	#FFFFFF	32
2828	#FFFFFF	32
2829	#FFFFFF	130
2830	#FFFFFF	130
2831	#FFFFFF	219
2832	#FFFFFF	32
2833	#FFFFFF	89
2834	#FFFFFF	32
2835	#FFFFFF	89
2836	#FFFFFF	32
2837	#FFFFFF	32
2838	#FFFFFF	32
2839	#FFFFFF	32
2840	#FFFFFF	32
2841	#FFFFFF	12
2842	#FFFFFF	32
2843	#FFFFFF	12
2844	#FFFFFF	12
2845	#FFFFFF	12
2846	#FFFFFF	12
2847	#FFFFFF	12
2848	#FFFFFF	12
2849	#FFFFFF	110
2850	#FFFFFF	110
2851	#FFFFFF	110
2852	#FFFFFF	110
2853	#FFFFFF	32
2854	#FFFFFF	110
2855	#FFFFFF	110
2856	#FFFFFF	110
2857	#FFFFFF	110
2858	#FFFFFF	110
2859	#FFFFFF	12
2860	#FFFFFF	12
2861	#FFFFFF	110
2862	#FFFFFF	12
2863	#FFFFFF	12
2864	#FFFFFF	32
2865	#FFFFFF	12
2866	#FFFFFF	331
2867	#FFFFFF	10
2868	#FFFFFF	10
2869	#FFFFFF	10
2870	#FFFFFF	370
2871	#FFFFFF	370
2872	#FFFFFF	10
2873	#FFFFFF	10
2874	#FFFFFF	32
2875	#FFFFFF	32
2876	#FFFFFF	32
2877	#FFFFFF	32
2878	#FFFFFF	32
2880	#FFFFFF	130
2881	#FFFFFF	130
2882	#FFFFFF	32
2883	#FFFFFF	89
2884	#FFFFFF	32
2885	#FFFFFF	32
2886	#FFFFFF	32
2887	#FFFFFF	32
2888	#FFFFFF	32
2889	#FFFFFF	32
2890	#FFFFFF	12
2891	#FFFFFF	12
2892	#FFFFFF	130
2893	#FFFFFF	12
2894	#FFFFFF	12
2895	#FFFFFF	12
2896	#FFFFFF	12
2897	#FFFFFF	12
2898	#FFFFFF	12
2899	#FFFFFF	110
2900	#FFFFFF	110
2901	#FFFFFF	218
2902	#FFFFFF	110
2903	#FFFFFF	32
2904	#FFFFFF	110
2905	#FFFFFF	110
2906	#FFFFFF	110
2907	#FFFFFF	110
2908	#FFFFFF	110
2909	#FFFFFF	12
2910	#FFFFFF	12
2911	#FFFFFF	110
2912	#FFFFFF	12
2913	#FFFFFF	331
2914	#FFFFFF	32
2915	#FFFFFF	12
2916	#FFFFFF	12
2917	#FFFFFF	331
2918	#FFFFFF	10
2919	#FFFFFF	10
2920	#FFFFFF	10
2921	#FFFFFF	370
2922	#FFFFFF	10
2923	#FFFFFF	10
2925	#FFFFFF	32
2926	#FFFFFF	32
2927	#FFFFFF	32
2928	#FFFFFF	32
2929	#FFFFFF	32
2930	#FFFFFF	130
2931	#FFFFFF	130
2932	#FFFFFF	130
2933	#FFFFFF	32
2934	#FFFFFF	32
2935	#FFFFFF	32
2936	#FFFFFF	32
2937	#FFFFFF	32
2938	#FFFFFF	32
2939	#FFFFFF	32
2940	#FFFFFF	32
2941	#FFFFFF	12
2942	#FFFFFF	12
2943	#FFFFFF	32
2944	#FFFFFF	12
2945	#FFFFFF	45
2946	#FFFFFF	12
2947	#FFFFFF	12
2948	#FFFFFF	12
2949	#FFFFFF	12
2950	#FFFFFF	110
2951	#FFFFFF	110
2952	#FFFFFF	218
2953	#FFFFFF	218
2954	#FFFFFF	32
2955	#FFFFFF	110
2956	#FFFFFF	218
2957	#FFFFFF	110
2958	#FFFFFF	110
2959	#FFFFFF	110
2960	#FFFFFF	12
2961	#FFFFFF	110
2962	#FFFFFF	12
2963	#FFFFFF	12
2964	#FFFFFF	331
2965	#FFFFFF	32
2966	#FFFFFF	12
2967	#FFFFFF	331
2968	#FFFFFF	331
2969	#FFFFFF	10
2970	#FFFFFF	10
2971	#FFFFFF	10
2972	#FFFFFF	10
2973	#FFFFFF	10
2974	#FFFFFF	10
2975	#FFFFFF	32
2976	#FFFFFF	32
2977	#FFFFFF	32
2978	#FFFFFF	32
2979	#FFFFFF	32
2981	#FFFFFF	130
2982	#FFFFFF	130
2983	#FFFFFF	32
2984	#FFFFFF	32
2985	#FFFFFF	32
2986	#FFFFFF	32
2987	#FFFFFF	32
2988	#FFFFFF	32
2989	#FFFFFF	32
2990	#FFFFFF	45
2991	#FFFFFF	32
2992	#FFFFFF	45
2993	#FFFFFF	130
2994	#FFFFFF	12
2995	#FFFFFF	45
2996	#FFFFFF	45
2997	#FFFFFF	12
2998	#FFFFFF	12
2999	#FFFFFF	12
3000	#FFFFFF	110
3001	#FFFFFF	110
3002	#FFFFFF	110
3003	#FFFFFF	218
3004	#FFFFFF	32
3005	#FFFFFF	218
3006	#FFFFFF	218
3007	#FFFFFF	218
3008	#FFFFFF	110
3009	#FFFFFF	110
3010	#FFFFFF	12
3011	#FFFFFF	110
3012	#FFFFFF	110
3013	#FFFFFF	12
3014	#FFFFFF	12
3015	#FFFFFF	32
3016	#FFFFFF	331
3017	#FFFFFF	12
3018	#FFFFFF	331
3019	#FFFFFF	331
3020	#FFFFFF	331
3021	#FFFFFF	10
3022	#FFFFFF	10
3023	#FFFFFF	10
3024	#FFFFFF	10
3026	#FFFFFF	32
3027	#FFFFFF	32
3028	#FFFFFF	32
3029	#FFFFFF	32
3030	#FFFFFF	32
3031	#FFFFFF	130
3032	#FFFFFF	130
3033	#FFFFFF	130
3034	#FFFFFF	32
3035	#FFFFFF	32
3036	#FFFFFF	32
3037	#FFFFFF	32
3038	#FFFFFF	32
3039	#FFFFFF	32
3040	#FFFFFF	45
3041	#FFFFFF	45
3042	#FFFFFF	32
3043	#FFFFFF	45
3044	#FFFFFF	32
3045	#FFFFFF	12
3046	#FFFFFF	45
3047	#FFFFFF	12
3048	#FFFFFF	12
3049	#FFFFFF	12
3050	#FFFFFF	110
3051	#FFFFFF	110
3052	#FFFFFF	110
3053	#FFFFFF	110
3054	#FFFFFF	110
3055	#FFFFFF	32
3056	#FFFFFF	218
3057	#FFFFFF	218
3058	#FFFFFF	110
3059	#FFFFFF	110
3060	#FFFFFF	110
3061	#FFFFFF	12
3062	#FFFFFF	110
3063	#FFFFFF	12
3064	#FFFFFF	12
3065	#FFFFFF	331
3066	#FFFFFF	32
3067	#FFFFFF	331
3068	#FFFFFF	331
3069	#FFFFFF	331
3070	#FFFFFF	331
3071	#FFFFFF	10
3072	#FFFFFF	10
3073	#FFFFFF	10
3074	#FFFFFF	10
3075	#FFFFFF	10
3076	#FFFFFF	32
3077	#FFFFFF	32
3078	#FFFFFF	32
3079	#FFFFFF	32
3080	#FFFFFF	32
3082	#FFFFFF	130
3083	#FFFFFF	130
3084	#FFFFFF	32
3085	#FFFFFF	32
3086	#FFFFFF	32
3087	#FFFFFF	32
3088	#FFFFFF	32
3089	#FFFFFF	32
3090	#FFFFFF	32
3091	#FFFFFF	45
3092	#FFFFFF	32
3093	#FFFFFF	32
3094	#FFFFFF	130
3095	#FFFFFF	45
3096	#FFFFFF	45
3097	#FFFFFF	45
3098	#FFFFFF	12
3099	#FFFFFF	12
3100	#FFFFFF	12
3101	#FFFFFF	110
3102	#FFFFFF	110
3103	#FFFFFF	12
3104	#FFFFFF	12
3105	#FFFFFF	32
3106	#FFFFFF	110
3107	#FFFFFF	110
3108	#FFFFFF	218
3109	#FFFFFF	110
3110	#FFFFFF	110
3111	#FFFFFF	110
3112	#FFFFFF	12
3113	#FFFFFF	110
3114	#FFFFFF	12
3115	#FFFFFF	331
3116	#FFFFFF	130
3117	#FFFFFF	331
3118	#FFFFFF	331
3119	#FFFFFF	331
3120	#FFFFFF	331
3121	#FFFFFF	10
3122	#FFFFFF	10
3123	#FFFFFF	10
3124	#FFFFFF	10
3125	#FFFFFF	10
3127	#FFFFFF	32
3128	#FFFFFF	32
3129	#FFFFFF	32
3130	#FFFFFF	32
3131	#FFFFFF	32
3132	#FFFFFF	130
3133	#FFFFFF	130
3134	#FFFFFF	130
3135	#FFFFFF	32
3136	#FFFFFF	32
3137	#FFFFFF	32
3138	#FFFFFF	32
3139	#FFFFFF	32
3140	#FFFFFF	32
3141	#FFFFFF	45
3142	#FFFFFF	32
3143	#FFFFFF	32
3144	#FFFFFF	45
3145	#FFFFFF	130
3146	#FFFFFF	45
3147	#FFFFFF	45
3148	#FFFFFF	12
3149	#FFFFFF	45
3150	#FFFFFF	45
3151	#FFFFFF	12
3152	#FFFFFF	12
3153	#FFFFFF	12
3154	#FFFFFF	12
3155	#FFFFFF	12
3156	#FFFFFF	130
3157	#FFFFFF	110
3158	#FFFFFF	110
3159	#FFFFFF	110
3160	#FFFFFF	110
3161	#FFFFFF	110
3162	#FFFFFF	110
3163	#FFFFFF	110
3164	#FFFFFF	12
3165	#FFFFFF	331
3166	#FFFFFF	331
3167	#FFFFFF	130
3168	#FFFFFF	331
3169	#FFFFFF	331
3170	#FFFFFF	12
3171	#FFFFFF	331
3172	#FFFFFF	10
3173	#FFFFFF	10
3174	#FFFFFF	10
3175	#FFFFFF	10
3176	#FFFFFF	10
3177	#FFFFFF	32
3178	#FFFFFF	32
3179	#FFFFFF	32
3180	#FFFFFF	32
3181	#FFFFFF	32
3183	#FFFFFF	130
3184	#FFFFFF	130
3185	#FFFFFF	32
3186	#FFFFFF	32
3187	#FFFFFF	32
3188	#FFFFFF	32
3189	#FFFFFF	32
3190	#FFFFFF	32
3191	#FFFFFF	131
3192	#FFFFFF	45
3193	#FFFFFF	32
3194	#FFFFFF	45
3195	#FFFFFF	130
3196	#FFFFFF	45
3197	#FFFFFF	45
3198	#FFFFFF	45
3199	#FFFFFF	45
3200	#FFFFFF	45
3201	#FFFFFF	45
3202	#FFFFFF	12
3203	#FFFFFF	12
3204	#FFFFFF	12
3205	#FFFFFF	12
3206	#FFFFFF	130
3207	#FFFFFF	12
3208	#FFFFFF	12
3209	#FFFFFF	110
3210	#FFFFFF	110
3211	#FFFFFF	110
3212	#FFFFFF	110
3213	#FFFFFF	110
3214	#FFFFFF	12
3215	#FFFFFF	331
3216	#FFFFFF	331
3217	#FFFFFF	130
3218	#FFFFFF	331
3219	#FFFFFF	12
3220	#FFFFFF	331
3221	#FFFFFF	12
3222	#FFFFFF	12
3223	#FFFFFF	10
3224	#FFFFFF	10
3225	#FFFFFF	10
3226	#FFFFFF	10
3228	#FFFFFF	32
3229	#FFFFFF	32
3230	#FFFFFF	32
3231	#FFFFFF	32
3232	#FFFFFF	32
3233	#FFFFFF	130
3234	#FFFFFF	130
3235	#FFFFFF	130
3236	#FFFFFF	32
3237	#FFFFFF	32
3238	#FFFFFF	32
3239	#FFFFFF	32
3240	#FFFFFF	131
3241	#FFFFFF	131
3242	#FFFFFF	45
3243	#FFFFFF	45
3244	#FFFFFF	45
3245	#FFFFFF	45
3246	#FFFFFF	130
3247	#FFFFFF	45
3248	#FFFFFF	45
3249	#FFFFFF	45
3250	#FFFFFF	12
3251	#FFFFFF	12
3252	#FFFFFF	12
3253	#FFFFFF	12
3254	#FFFFFF	12
3255	#FFFFFF	12
3256	#FFFFFF	12
3257	#FFFFFF	130
3258	#FFFFFF	12
3259	#FFFFFF	12
3260	#FFFFFF	110
3261	#FFFFFF	110
3262	#FFFFFF	110
3263	#FFFFFF	110
3264	#FFFFFF	110
3265	#FFFFFF	12
3266	#FFFFFF	331
3267	#FFFFFF	331
3268	#FFFFFF	130
3269	#FFFFFF	331
3270	#FFFFFF	12
3271	#FFFFFF	12
3272	#FFFFFF	12
3273	#FFFFFF	12
3274	#FFFFFF	10
3275	#FFFFFF	10
3276	#FFFFFF	10
3277	#FFFFFF	10
3278	#FFFFFF	32
3279	#FFFFFF	32
3280	#FFFFFF	32
3281	#FFFFFF	32
3282	#FFFFFF	32
3284	#FFFFFF	130
3285	#FFFFFF	130
3286	#FFFFFF	32
3287	#FFFFFF	32
3288	#FFFFFF	32
3289	#FFFFFF	32
3290	#FFFFFF	32
3291	#FFFFFF	131
3292	#FFFFFF	45
3293	#FFFFFF	45
3294	#FFFFFF	45
3295	#FFFFFF	45
3296	#FFFFFF	130
3297	#FFFFFF	45
3298	#FFFFFF	45
3299	#FFFFFF	45
3300	#FFFFFF	12
3301	#FFFFFF	12
3302	#FFFFFF	12
3303	#FFFFFF	379
3304	#FFFFFF	12
3305	#FFFFFF	12
3306	#FFFFFF	12
3307	#FFFFFF	130
3308	#FFFFFF	12
3309	#FFFFFF	12
3310	#FFFFFF	12
3311	#FFFFFF	110
3312	#FFFFFF	110
3313	#FFFFFF	110
3314	#FFFFFF	110
3315	#FFFFFF	110
3316	#FFFFFF	12
3317	#FFFFFF	331
3318	#FFFFFF	130
3319	#FFFFFF	12
3320	#FFFFFF	331
3321	#FFFFFF	12
3322	#FFFFFF	12
3323	#FFFFFF	12
3324	#FFFFFF	12
3325	#FFFFFF	10
3326	#FFFFFF	10
3327	#FFFFFF	10
3329	#FFFFFF	32
3330	#FFFFFF	32
3331	#FFFFFF	32
3332	#FFFFFF	32
3333	#FFFFFF	32
3334	#FFFFFF	130
3335	#FFFFFF	130
3336	#FFFFFF	130
3337	#FFFFFF	32
3338	#FFFFFF	32
3339	#FFFFFF	32
3340	#FFFFFF	32
3341	#FFFFFF	135
3342	#FFFFFF	131
3343	#FFFFFF	45
3344	#FFFFFF	45
3345	#FFFFFF	45
3346	#FFFFFF	45
3347	#FFFFFF	130
3348	#FFFFFF	45
3349	#FFFFFF	45
3350	#FFFFFF	45
3351	#FFFFFF	12
3352	#FFFFFF	12
3353	#FFFFFF	379
3354	#FFFFFF	379
3355	#FFFFFF	12
3356	#FFFFFF	12
3357	#FFFFFF	12
3358	#FFFFFF	130
3359	#FFFFFF	12
3360	#FFFFFF	110
3361	#FFFFFF	12
3362	#FFFFFF	110
3363	#FFFFFF	110
3364	#FFFFFF	110
3365	#FFFFFF	110
3366	#FFFFFF	12
3367	#FFFFFF	12
3368	#FFFFFF	12
3369	#FFFFFF	130
3370	#FFFFFF	12
3371	#FFFFFF	12
3372	#FFFFFF	12
3373	#FFFFFF	12
3374	#FFFFFF	12
3375	#FFFFFF	10
3376	#FFFFFF	12
3377	#FFFFFF	10
3378	#FFFFFF	10
3379	#FFFFFF	32
3380	#FFFFFF	32
3381	#FFFFFF	32
3382	#FFFFFF	32
3383	#FFFFFF	32
3385	#FFFFFF	165
3386	#FFFFFF	165
3387	#FFFFFF	350
3388	#FFFFFF	165
3389	#FFFFFF	350
3390	#FFFFFF	165
3391	#FFFFFF	10
3392	#FFFFFF	10
3393	#FFFFFF	10
3394	#FFFFFF	10
3395	#FFFFFF	10
3396	#FFFFFF	10
3397	#FFFFFF	410
3398	#FFFFFF	10
3399	#FFFFFF	10
3400	#FFFFFF	10
3401	#FFFFFF	10
3402	#FFFFFF	10
3403	#FFFFFF	207
3404	#FFFFFF	207
3405	#FFFFFF	10
3406	#FFFFFF	10
3407	#FFFFFF	207
3408	#FFFFFF	410
3409	#FFFFFF	207
3410	#FFFFFF	207
3411	#FFFFFF	10
3412	#FFFFFF	10
3419	#FFFFFF	165
3430	#FFFFFF	410
3431	#FFFFFF	165
3432	#FFFFFF	165
3433	#FFFFFF	364
3434	#FFFFFF	364
3435	#FFFFFF	165
3436	#FFFFFF	410
3437	#FFFFFF	410
3438	#FFFFFF	165
3439	#FFFFFF	165
3440	#FFFFFF	165
3441	#FFFFFF	165
3442	#FFFFFF	10
3443	#FFFFFF	10
3444	#FFFFFF	10
3445	#FFFFFF	10
3446	#FFFFFF	10
3447	#FFFFFF	10
3448	#FFFFFF	410
3449	#FFFFFF	10
3450	#FFFFFF	10
3451	#FFFFFF	10
3452	#FFFFFF	10
3453	#FFFFFF	207
3454	#FFFFFF	207
3455	#FFFFFF	10
3456	#FFFFFF	10
3457	#FFFFFF	10
3458	#FFFFFF	207
3459	#FFFFFF	410
3460	#FFFFFF	10
3461	#FFFFFF	10
3462	#FFFFFF	10
3463	#FFFFFF	10
3470	#FFFFFF	165
3480	#FFFFFF	165
3481	#FFFFFF	165
3482	#FFFFFF	165
3483	#FFFFFF	165
3484	#FFFFFF	364
3486	#FFFFFF	130
3487	#FFFFFF	130
3488	#FFFFFF	32
3489	#FFFFFF	32
3490	#FFFFFF	32
3491	#FFFFFF	32
3492	#FFFFFF	135
3493	#FFFFFF	131
3494	#FFFFFF	131
3495	#FFFFFF	45
3496	#FFFFFF	45
3497	#FFFFFF	45
3498	#FFFFFF	130
3499	#FFFFFF	45
3500	#FFFFFF	45
3501	#FFFFFF	45
3502	#FFFFFF	45
3503	#FFFFFF	379
3504	#FFFFFF	379
3505	#FFFFFF	379
3506	#FFFFFF	12
3507	#FFFFFF	12
3508	#FFFFFF	12
3509	#FFFFFF	130
3510	#FFFFFF	12
3511	#FFFFFF	12
3512	#FFFFFF	110
3513	#FFFFFF	110
3514	#FFFFFF	110
3515	#FFFFFF	110
3516	#FFFFFF	110
3517	#FFFFFF	12
3518	#FFFFFF	3
3519	#FFFFFF	12
3520	#FFFFFF	32
3521	#FFFFFF	12
3522	#FFFFFF	12
3523	#FFFFFF	3
3524	#FFFFFF	3
3525	#FFFFFF	12
3526	#FFFFFF	10
3527	#FFFFFF	12
3528	#FFFFFF	10
3529	#FFFFFF	10
3531	#FFFFFF	32
3532	#FFFFFF	32
3533	#FFFFFF	32
3534	#FFFFFF	32
3535	#FFFFFF	32
3536	#FFFFFF	130
3537	#FFFFFF	130
3538	#FFFFFF	130
3539	#FFFFFF	32
3540	#FFFFFF	32
3541	#FFFFFF	32
3542	#FFFFFF	135
3543	#FFFFFF	131
3544	#FFFFFF	131
3545	#FFFFFF	45
3546	#FFFFFF	45
3547	#FFFFFF	45
3548	#FFFFFF	45
3549	#FFFFFF	130
3550	#FFFFFF	45
3551	#FFFFFF	45
3552	#FFFFFF	45
3553	#FFFFFF	131
3554	#FFFFFF	379
3555	#FFFFFF	12
3556	#FFFFFF	379
3557	#FFFFFF	12
3558	#FFFFFF	12
3559	#FFFFFF	12
3560	#FFFFFF	130
3561	#FFFFFF	12
3562	#FFFFFF	110
3563	#FFFFFF	110
3564	#FFFFFF	110
3565	#FFFFFF	110
3566	#FFFFFF	110
3567	#FFFFFF	110
3568	#FFFFFF	12
3569	#FFFFFF	3
3570	#FFFFFF	3
3571	#FFFFFF	32
3572	#FFFFFF	12
3573	#FFFFFF	3
3574	#FFFFFF	3
3575	#FFFFFF	12
3576	#FFFFFF	12
3577	#FFFFFF	12
3578	#FFFFFF	12
3579	#FFFFFF	10
3580	#FFFFFF	12
3581	#FFFFFF	32
3582	#FFFFFF	32
3583	#FFFFFF	32
3584	#FFFFFF	32
3585	#FFFFFF	32
3587	#FFFFFF	130
3588	#FFFFFF	130
3589	#FFFFFF	32
3590	#FFFFFF	32
3591	#FFFFFF	32
3592	#FFFFFF	135
3593	#FFFFFF	135
3594	#FFFFFF	131
3595	#FFFFFF	45
3596	#FFFFFF	45
3597	#FFFFFF	45
3598	#FFFFFF	131
3599	#FFFFFF	32
3600	#FFFFFF	45
3601	#FFFFFF	45
3602	#FFFFFF	45
3603	#FFFFFF	131
3604	#FFFFFF	379
3605	#FFFFFF	12
3606	#FFFFFF	12
3607	#FFFFFF	12
3608	#FFFFFF	12
3609	#FFFFFF	12
3610	#FFFFFF	130
3611	#FFFFFF	12
3612	#FFFFFF	12
3613	#FFFFFF	12
3614	#FFFFFF	110
3615	#FFFFFF	110
3616	#FFFFFF	110
3617	#FFFFFF	110
3618	#FFFFFF	110
3619	#FFFFFF	3
3620	#FFFFFF	3
3621	#FFFFFF	32
3622	#FFFFFF	12
3623	#FFFFFF	3
3624	#FFFFFF	3
3625	#FFFFFF	12
3626	#FFFFFF	12
3627	#FFFFFF	12
3628	#FFFFFF	12
3629	#FFFFFF	10
3630	#FFFFFF	10
3632	#FFFFFF	32
3633	#FFFFFF	32
3634	#FFFFFF	32
3635	#FFFFFF	32
3636	#FFFFFF	32
3637	#FFFFFF	130
3638	#FFFFFF	130
3639	#FFFFFF	130
3640	#FFFFFF	32
3641	#FFFFFF	32
3642	#FFFFFF	135
3643	#FFFFFF	131
3644	#FFFFFF	131
3645	#FFFFFF	45
3646	#FFFFFF	45
3647	#FFFFFF	131
3648	#FFFFFF	131
3649	#FFFFFF	45
3650	#FFFFFF	32
3651	#FFFFFF	45
3652	#FFFFFF	45
3653	#FFFFFF	131
3654	#FFFFFF	379
3655	#FFFFFF	379
3656	#FFFFFF	379
3657	#FFFFFF	12
3658	#FFFFFF	12
3659	#FFFFFF	12
3660	#FFFFFF	12
3661	#FFFFFF	32
3662	#FFFFFF	12
3663	#FFFFFF	12
3664	#FFFFFF	12
3665	#FFFFFF	110
3666	#FFFFFF	110
3667	#FFFFFF	110
3668	#FFFFFF	110
3669	#FFFFFF	3
3670	#FFFFFF	3
3671	#FFFFFF	3
3672	#FFFFFF	32
3673	#FFFFFF	3
3674	#FFFFFF	3
3675	#FFFFFF	3
3676	#FFFFFF	12
3677	#FFFFFF	12
3678	#FFFFFF	12
3679	#FFFFFF	12
3680	#FFFFFF	10
3681	#FFFFFF	12
3682	#FFFFFF	131
3683	#FFFFFF	32
3684	#FFFFFF	32
3685	#FFFFFF	32
3686	#FFFFFF	32
3688	#FFFFFF	130
3689	#FFFFFF	130
3690	#FFFFFF	32
3691	#FFFFFF	32
3692	#FFFFFF	135
3693	#FFFFFF	135
3694	#FFFFFF	131
3695	#FFFFFF	131
3696	#FFFFFF	131
3697	#FFFFFF	131
3698	#FFFFFF	131
3699	#FFFFFF	131
3700	#FFFFFF	32
3701	#FFFFFF	131
3702	#FFFFFF	45
3703	#FFFFFF	131
3704	#FFFFFF	379
3705	#FFFFFF	379
3706	#FFFFFF	379
3707	#FFFFFF	379
3708	#FFFFFF	12
3709	#FFFFFF	120
3710	#FFFFFF	120
3711	#FFFFFF	32
3712	#FFFFFF	12
3713	#FFFFFF	12
3714	#FFFFFF	110
3715	#FFFFFF	110
3716	#FFFFFF	243
3717	#FFFFFF	243
3718	#FFFFFF	110
3719	#FFFFFF	110
3720	#FFFFFF	3
3721	#FFFFFF	3
3722	#FFFFFF	32
3723	#FFFFFF	3
3724	#FFFFFF	3
3725	#FFFFFF	3
3726	#FFFFFF	3
3727	#FFFFFF	12
3728	#FFFFFF	12
3729	#FFFFFF	12
3730	#FFFFFF	10
3731	#FFFFFF	12
3733	#FFFFFF	131
3734	#FFFFFF	32
3735	#FFFFFF	32
3736	#FFFFFF	32
3737	#FFFFFF	32
3738	#FFFFFF	338
3739	#FFFFFF	130
3740	#FFFFFF	130
3741	#FFFFFF	32
3742	#FFFFFF	135
3743	#FFFFFF	135
3744	#FFFFFF	131
3745	#FFFFFF	131
3746	#FFFFFF	131
3747	#FFFFFF	131
3748	#FFFFFF	374
3749	#FFFFFF	131
3750	#FFFFFF	131
3751	#FFFFFF	32
3752	#FFFFFF	131
3753	#FFFFFF	131
3754	#FFFFFF	379
3755	#FFFFFF	131
3756	#FFFFFF	131
3757	#FFFFFF	12
3758	#FFFFFF	12
3759	#FFFFFF	12
3760	#FFFFFF	120
3761	#FFFFFF	12
3762	#FFFFFF	32
3763	#FFFFFF	12
3764	#FFFFFF	12
3765	#FFFFFF	110
3766	#FFFFFF	243
3767	#FFFFFF	243
3768	#FFFFFF	243
3769	#FFFFFF	110
3770	#FFFFFF	110
3771	#FFFFFF	3
3772	#FFFFFF	3
3773	#FFFFFF	131
3774	#FFFFFF	3
3775	#FFFFFF	3
3776	#FFFFFF	3
3777	#FFFFFF	12
3778	#FFFFFF	12
3779	#FFFFFF	12
3780	#FFFFFF	10
3781	#FFFFFF	12
3782	#FFFFFF	12
3783	#FFFFFF	32
3784	#FFFFFF	32
3785	#FFFFFF	32
3786	#FFFFFF	32
3787	#FFFFFF	32
3789	#FFFFFF	130
3790	#FFFFFF	130
3791	#FFFFFF	32
3792	#FFFFFF	135
3793	#FFFFFF	135
3794	#FFFFFF	131
3795	#FFFFFF	131
3796	#FFFFFF	131
3797	#FFFFFF	131
3798	#FFFFFF	131
3799	#FFFFFF	374
3800	#FFFFFF	131
3801	#FFFFFF	32
3802	#FFFFFF	131
3803	#FFFFFF	131
3804	#FFFFFF	379
3805	#FFFFFF	131
3806	#FFFFFF	131
3807	#FFFFFF	120
3808	#FFFFFF	12
3809	#FFFFFF	12
3810	#FFFFFF	120
3811	#FFFFFF	120
3812	#FFFFFF	32
3813	#FFFFFF	12
3814	#FFFFFF	12
3815	#FFFFFF	110
3816	#FFFFFF	110
3817	#FFFFFF	243
3818	#FFFFFF	243
3819	#FFFFFF	110
3820	#FFFFFF	110
3821	#FFFFFF	110
3822	#FFFFFF	110
3823	#FFFFFF	32
3824	#FFFFFF	3
3825	#FFFFFF	3
3826	#FFFFFF	3
3827	#FFFFFF	3
3828	#FFFFFF	12
3829	#FFFFFF	3
3830	#FFFFFF	12
3831	#FFFFFF	12
3832	#FFFFFF	12
3834	#FFFFFF	131
3835	#FFFFFF	32
3836	#FFFFFF	32
3837	#FFFFFF	32
3838	#FFFFFF	32
3839	#FFFFFF	130
3840	#FFFFFF	130
3841	#FFFFFF	32
3842	#FFFFFF	32
3843	#FFFFFF	135
3844	#FFFFFF	135
3845	#FFFFFF	131
3846	#FFFFFF	131
3847	#FFFFFF	131
3848	#FFFFFF	131
3849	#FFFFFF	131
3850	#FFFFFF	374
3851	#FFFFFF	374
3852	#FFFFFF	32
3853	#FFFFFF	131
3854	#FFFFFF	131
3855	#FFFFFF	131
3856	#FFFFFF	131
3857	#FFFFFF	131
3858	#FFFFFF	120
3859	#FFFFFF	120
3860	#FFFFFF	12
3861	#FFFFFF	120
3862	#FFFFFF	12
3863	#FFFFFF	32
3864	#FFFFFF	12
3865	#FFFFFF	12
3866	#FFFFFF	110
3867	#FFFFFF	110
3868	#FFFFFF	110
3869	#FFFFFF	110
3870	#FFFFFF	110
3871	#FFFFFF	110
3872	#FFFFFF	110
3873	#FFFFFF	3
3874	#FFFFFF	131
3875	#FFFFFF	3
3876	#FFFFFF	3
3877	#FFFFFF	3
3878	#FFFFFF	3
3879	#FFFFFF	3
3880	#FFFFFF	12
3881	#FFFFFF	12
3882	#FFFFFF	12
3883	#FFFFFF	12
3884	#FFFFFF	32
3885	#FFFFFF	32
3886	#FFFFFF	32
3887	#FFFFFF	32
3888	#FFFFFF	32
3890	#FFFFFF	205
3891	#FFFFFF	130
3892	#FFFFFF	32
3893	#FFFFFF	135
3894	#FFFFFF	135
3895	#FFFFFF	135
3896	#FFFFFF	131
3897	#FFFFFF	374
3898	#FFFFFF	374
3899	#FFFFFF	374
3900	#FFFFFF	374
3901	#FFFFFF	374
3902	#FFFFFF	32
3903	#FFFFFF	131
3904	#FFFFFF	131
3905	#FFFFFF	131
3906	#FFFFFF	131
3907	#FFFFFF	131
3908	#FFFFFF	120
3909	#FFFFFF	120
3910	#FFFFFF	12
3911	#FFFFFF	120
3912	#FFFFFF	120
3913	#FFFFFF	32
3914	#FFFFFF	12
3915	#FFFFFF	12
3916	#FFFFFF	12
3917	#FFFFFF	12
3918	#FFFFFF	110
3919	#FFFFFF	110
3920	#FFFFFF	110
3921	#FFFFFF	110
3922	#FFFFFF	110
3923	#FFFFFF	110
3924	#FFFFFF	131
3925	#FFFFFF	110
3926	#FFFFFF	3
3927	#FFFFFF	3
3928	#FFFFFF	3
3929	#FFFFFF	3
3930	#FFFFFF	12
3931	#FFFFFF	12
3932	#FFFFFF	12
3933	#FFFFFF	12
3935	#FFFFFF	32
3936	#FFFFFF	32
3937	#FFFFFF	32
3938	#FFFFFF	32
3939	#FFFFFF	32
3940	#FFFFFF	130
3941	#FFFFFF	205
3942	#FFFFFF	130
3943	#FFFFFF	135
3944	#FFFFFF	135
3945	#FFFFFF	131
3946	#FFFFFF	131
3947	#FFFFFF	131
3948	#FFFFFF	374
3949	#FFFFFF	374
3950	#FFFFFF	374
3951	#FFFFFF	374
3952	#FFFFFF	131
3953	#FFFFFF	32
3954	#FFFFFF	255
3955	#FFFFFF	255
3956	#FFFFFF	255
3957	#FFFFFF	131
3958	#FFFFFF	131
3959	#FFFFFF	120
3960	#FFFFFF	120
3961	#FFFFFF	120
3962	#FFFFFF	120
3963	#FFFFFF	120
3964	#FFFFFF	32
3965	#FFFFFF	12
3966	#FFFFFF	12
3967	#FFFFFF	12
3968	#FFFFFF	110
3969	#FFFFFF	110
3970	#FFFFFF	110
3971	#FFFFFF	110
3972	#FFFFFF	110
3973	#FFFFFF	3
3974	#FFFFFF	110
3975	#FFFFFF	131
3976	#FFFFFF	3
3977	#FFFFFF	3
3978	#FFFFFF	3
3979	#FFFFFF	3
3980	#FFFFFF	3
3981	#FFFFFF	12
3982	#FFFFFF	12
3983	#FFFFFF	12
3984	#FFFFFF	12
3985	#FFFFFF	131
3986	#FFFFFF	32
3987	#FFFFFF	135
3988	#FFFFFF	135
3989	#FFFFFF	32
4042	#FFFFFF	165
4043	#FFFFFF	410
4044	#FFFFFF	165
4045	#FFFFFF	165
4046	#FFFFFF	165
4047	#FFFFFF	165
4048	#FFFFFF	10
4049	#FFFFFF	10
4050	#FFFFFF	10
4051	#FFFFFF	10
4052	#FFFFFF	10
4053	#FFFFFF	10
4054	#FFFFFF	410
4055	#FFFFFF	10
4056	#FFFFFF	10
4057	#FFFFFF	10
4058	#FFFFFF	10
4059	#FFFFFF	207
4060	#FFFFFF	207
4061	#FFFFFF	207
4062	#FFFFFF	10
4063	#FFFFFF	10
4064	#FFFFFF	207
4065	#FFFFFF	410
4066	#FFFFFF	207
4067	#FFFFFF	10
4068	#FFFFFF	10
4069	#FFFFFF	10
4070	#FFFFFF	10
4076	#FFFFFF	165
4087	#FFFFFF	165
4088	#FFFFFF	165
4089	#FFFFFF	165
4090	#FFFFFF	165
4091	#FFFFFF	165
4092	#FFFFFF	165
4093	#FFFFFF	410
4094	#FFFFFF	165
4095	#FFFFFF	165
4096	#FFFFFF	165
4097	#FFFFFF	165
4098	#FFFFFF	10
4099	#FFFFFF	10
4100	#FFFFFF	10
4101	#FFFFFF	10
4102	#FFFFFF	10
4103	#FFFFFF	10
4104	#FFFFFF	10
4105	#FFFFFF	165
4106	#FFFFFF	10
4107	#FFFFFF	10
4108	#FFFFFF	10
4109	#FFFFFF	207
4110	#FFFFFF	207
4111	#FFFFFF	207
4112	#FFFFFF	10
4113	#FFFFFF	10
4114	#FFFFFF	207
4115	#FFFFFF	207
4116	#FFFFFF	165
4117	#FFFFFF	10
4118	#FFFFFF	10
4119	#FFFFFF	10
4120	#FFFFFF	10
4121	#FFFFFF	10
4127	#FFFFFF	165
4137	#FFFFFF	144
4138	#FFFFFF	165
4139	#FFFFFF	165
4140	#FFFFFF	165
4141	#FFFFFF	165
4143	#FFFFFF	165
4144	#FFFFFF	410
4145	#FFFFFF	165
4146	#FFFFFF	165
4147	#FFFFFF	165
4148	#FFFFFF	165
4149	#FFFFFF	10
4150	#FFFFFF	10
4151	#FFFFFF	10
4152	#FFFFFF	10
4153	#FFFFFF	10
4154	#FFFFFF	10
4155	#FFFFFF	165
4156	#FFFFFF	10
4157	#FFFFFF	10
4158	#FFFFFF	10
4159	#FFFFFF	207
4160	#FFFFFF	10
4161	#FFFFFF	207
4162	#FFFFFF	207
4163	#FFFFFF	10
4164	#FFFFFF	10
4165	#FFFFFF	10
4166	#FFFFFF	165
4167	#FFFFFF	10
4168	#FFFFFF	10
4169	#FFFFFF	10
4170	#FFFFFF	10
4171	#FFFFFF	10
4172	#FFFFFF	10
4177	#FFFFFF	165
4188	#FFFFFF	165
4189	#FFFFFF	144
4190	#FFFFFF	165
4191	#FFFFFF	165
4192	#FFFFFF	165
4193	#FFFFFF	261
4194	#FFFFFF	165
4195	#FFFFFF	165
4196	#FFFFFF	165
4197	#FFFFFF	165
4198	#FFFFFF	10
4199	#FFFFFF	10
4200	#FFFFFF	10
4201	#FFFFFF	10
4202	#FFFFFF	10
4203	#FFFFFF	10
4204	#FFFFFF	10
4205	#FFFFFF	10
4206	#FFFFFF	165
4207	#FFFFFF	10
4208	#FFFFFF	10
4209	#FFFFFF	207
4210	#FFFFFF	207
4211	#FFFFFF	10
4212	#FFFFFF	207
4213	#FFFFFF	10
4214	#FFFFFF	10
4215	#FFFFFF	10
4216	#FFFFFF	10
4217	#FFFFFF	165
4218	#FFFFFF	10
4219	#FFFFFF	10
4220	#FFFFFF	10
4221	#FFFFFF	10
4222	#FFFFFF	10
4223	#FFFFFF	10
4228	#FFFFFF	165
4238	#FFFFFF	144
4239	#FFFFFF	144
4240	#FFFFFF	165
4241	#FFFFFF	165
4242	#FFFFFF	165
4244	#FFFFFF	261
4245	#FFFFFF	261
4246	#FFFFFF	165
4247	#FFFFFF	165
4248	#FFFFFF	10
4249	#FFFFFF	10
4250	#FFFFFF	10
4251	#FFFFFF	10
4252	#FFFFFF	10
4253	#FFFFFF	10
4254	#FFFFFF	10
4255	#FFFFFF	10
4256	#FFFFFF	165
4257	#FFFFFF	10
4258	#FFFFFF	10
4259	#FFFFFF	207
4260	#FFFFFF	10
4261	#FFFFFF	10
4262	#FFFFFF	10
4263	#FFFFFF	207
4264	#FFFFFF	10
4265	#FFFFFF	10
4266	#FFFFFF	10
4267	#FFFFFF	165
4268	#FFFFFF	10
4269	#FFFFFF	10
4270	#FFFFFF	10
4271	#FFFFFF	10
4272	#FFFFFF	10
4273	#FFFFFF	10
4274	#FFFFFF	10
4278	#FFFFFF	165
4289	#FFFFFF	144
4290	#FFFFFF	165
4291	#FFFFFF	144
4292	#FFFFFF	165
4293	#FFFFFF	165
4294	#FFFFFF	261
4295	#FFFFFF	261
4296	#FFFFFF	261
4297	#FFFFFF	165
4298	#FFFFFF	165
4299	#FFFFFF	10
4300	#FFFFFF	10
4301	#FFFFFF	10
4302	#FFFFFF	10
4303	#FFFFFF	10
4304	#FFFFFF	10
4305	#FFFFFF	10
4306	#FFFFFF	10
4307	#FFFFFF	165
4308	#FFFFFF	10
4309	#FFFFFF	10
4310	#FFFFFF	207
4311	#FFFFFF	10
4312	#FFFFFF	10
4313	#FFFFFF	10
4314	#FFFFFF	10
4315	#FFFFFF	10
4316	#FFFFFF	10
4317	#FFFFFF	10
4318	#FFFFFF	165
4319	#FFFFFF	10
4320	#FFFFFF	10
4321	#FFFFFF	10
4322	#FFFFFF	10
4323	#FFFFFF	10
4324	#FFFFFF	10
4325	#FFFFFF	10
4329	#FFFFFF	144
4339	#FFFFFF	144
4340	#FFFFFF	165
4341	#FFFFFF	165
4342	#FFFFFF	165
4343	#FFFFFF	165
4345	#FFFFFF	261
4346	#FFFFFF	165
4347	#FFFFFF	165
4348	#FFFFFF	165
4349	#FFFFFF	10
4350	#FFFFFF	10
4351	#FFFFFF	10
4352	#FFFFFF	10
4353	#FFFFFF	10
4354	#FFFFFF	10
4355	#FFFFFF	1
4356	#FFFFFF	10
4357	#FFFFFF	261
4358	#FFFFFF	10
4359	#FFFFFF	10
4360	#FFFFFF	10
4361	#FFFFFF	622
4362	#FFFFFF	10
4363	#FFFFFF	10
4364	#FFFFFF	10
4365	#FFFFFF	10
4366	#FFFFFF	10
4367	#FFFFFF	10
4368	#FFFFFF	165
4369	#FFFFFF	10
4370	#FFFFFF	10
4371	#FFFFFF	10
4372	#FFFFFF	10
4373	#FFFFFF	10
4374	#FFFFFF	10
4375	#FFFFFF	10
4376	#FFFFFF	10
4379	#FFFFFF	165
4390	#FFFFFF	144
4391	#FFFFFF	165
4392	#FFFFFF	165
4393	#FFFFFF	165
4394	#FFFFFF	165
4395	#FFFFFF	165
4396	#FFFFFF	165
4397	#FFFFFF	165
4398	#FFFFFF	1
4399	#FFFFFF	165
4400	#FFFFFF	10
4401	#FFFFFF	10
4402	#FFFFFF	10
4403	#FFFFFF	10
4404	#FFFFFF	10
4405	#FFFFFF	1
4406	#FFFFFF	1
4407	#FFFFFF	10
4408	#FFFFFF	261
4409	#FFFFFF	10
4410	#FFFFFF	10
4411	#FFFFFF	10
4412	#FFFFFF	10
4413	#FFFFFF	157
4414	#FFFFFF	10
4415	#FFFFFF	10
4416	#FFFFFF	10
4417	#FFFFFF	10
4418	#FFFFFF	10
4419	#FFFFFF	165
4420	#FFFFFF	10
4421	#FFFFFF	10
4422	#FFFFFF	10
4423	#FFFFFF	10
4424	#FFFFFF	10
4425	#FFFFFF	10
4426	#FFFFFF	10
4427	#FFFFFF	10
4430	#FFFFFF	144
4440	#FFFFFF	165
4441	#FFFFFF	165
4442	#FFFFFF	165
4443	#FFFFFF	165
4444	#FFFFFF	165
4446	#FFFFFF	165
4447	#FFFFFF	165
4448	#FFFFFF	165
4449	#FFFFFF	1
4450	#FFFFFF	10
4451	#FFFFFF	10
4452	#FFFFFF	10
4453	#FFFFFF	10
4454	#FFFFFF	10
4455	#FFFFFF	10
4456	#FFFFFF	1
4457	#FFFFFF	10
4458	#FFFFFF	261
4459	#FFFFFF	10
4460	#FFFFFF	10
4461	#FFFFFF	10
4462	#FFFFFF	10
4463	#FFFFFF	157
4464	#FFFFFF	10
4465	#FFFFFF	10
4466	#FFFFFF	10
4467	#FFFFFF	10
4468	#FFFFFF	10
4469	#FFFFFF	165
4470	#FFFFFF	10
4471	#FFFFFF	10
4472	#FFFFFF	10
4473	#FFFFFF	10
4474	#FFFFFF	10
4475	#FFFFFF	10
4476	#FFFFFF	10
4477	#FFFFFF	10
4478	#FFFFFF	10
4480	#FFFFFF	165
4491	#FFFFFF	144
4492	#FFFFFF	165
4493	#FFFFFF	165
4494	#FFFFFF	165
4495	#FFFFFF	165
4496	#FFFFFF	165
4497	#FFFFFF	165
4498	#FFFFFF	165
4499	#FFFFFF	1
4500	#FFFFFF	10
4501	#FFFFFF	1
4502	#FFFFFF	10
4503	#FFFFFF	10
4504	#FFFFFF	10
4505	#FFFFFF	1
4506	#FFFFFF	1
4507	#FFFFFF	10
4508	#FFFFFF	10
4509	#FFFFFF	261
4510	#FFFFFF	10
4511	#FFFFFF	10
4512	#FFFFFF	10
4513	#FFFFFF	10
4514	#FFFFFF	157
4515	#FFFFFF	157
4516	#FFFFFF	10
4517	#FFFFFF	10
4518	#FFFFFF	10
4519	#FFFFFF	10
4520	#FFFFFF	165
4521	#FFFFFF	10
4522	#FFFFFF	10
4523	#FFFFFF	10
4524	#FFFFFF	10
4525	#FFFFFF	10
4526	#FFFFFF	10
4527	#FFFFFF	10
4528	#FFFFFF	10
4529	#FFFFFF	10
4531	#FFFFFF	144
4541	#FFFFFF	144
4542	#FFFFFF	165
4543	#FFFFFF	1
4544	#FFFFFF	165
4545	#FFFFFF	165
4547	#FFFFFF	165
4548	#FFFFFF	134
4549	#FFFFFF	350
4550	#FFFFFF	364
4551	#FFFFFF	350
4552	#FFFFFF	350
4553	#FFFFFF	350
4554	#FFFFFF	10
4555	#FFFFFF	10
4556	#FFFFFF	10
4557	#FFFFFF	10
4558	#FFFFFF	10
4559	#FFFFFF	134
4560	#FFFFFF	10
4561	#FFFFFF	10
4562	#FFFFFF	10
4563	#FFFFFF	10
4564	#FFFFFF	10
4565	#FFFFFF	10
4566	#FFFFFF	10
4567	#FFFFFF	10
4568	#FFFFFF	10
4569	#FFFFFF	207
4570	#FFFFFF	165
4581	#FFFFFF	165
4592	#FFFFFF	410
4593	#FFFFFF	410
4594	#FFFFFF	410
4595	#FFFFFF	410
4596	#FFFFFF	410
4597	#FFFFFF	134
4598	#FFFFFF	165
4599	#FFFFFF	134
4600	#FFFFFF	350
4601	#FFFFFF	364
4602	#FFFFFF	350
4603	#FFFFFF	350
4604	#FFFFFF	10
4605	#FFFFFF	10
4606	#FFFFFF	10
4607	#FFFFFF	10
4608	#FFFFFF	10
4609	#FFFFFF	10
4610	#FFFFFF	134
4611	#FFFFFF	10
4612	#FFFFFF	10
4613	#FFFFFF	10
4614	#FFFFFF	10
4615	#FFFFFF	10
4616	#FFFFFF	10
4617	#FFFFFF	10
4618	#FFFFFF	10
4619	#FFFFFF	10
4621	#FFFFFF	165
4632	#FFFFFF	165
4642	#FFFFFF	410
4643	#FFFFFF	410
4644	#FFFFFF	165
4645	#FFFFFF	410
4646	#FFFFFF	350
4648	#FFFFFF	134
4649	#FFFFFF	165
4650	#FFFFFF	410
4651	#FFFFFF	350
4652	#FFFFFF	350
4653	#FFFFFF	350
4654	#FFFFFF	10
4655	#FFFFFF	10
4656	#FFFFFF	10
4657	#FFFFFF	10
4658	#FFFFFF	10
4659	#FFFFFF	37
4660	#FFFFFF	134
4661	#FFFFFF	10
4662	#FFFFFF	10
4663	#FFFFFF	10
4664	#FFFFFF	10
4665	#FFFFFF	10
4666	#FFFFFF	10
4667	#FFFFFF	10
4668	#FFFFFF	10
4669	#FFFFFF	10
4671	#FFFFFF	165
4682	#FFFFFF	165
4693	#FFFFFF	165
4694	#FFFFFF	410
4695	#FFFFFF	165
4696	#FFFFFF	165
4697	#FFFFFF	410
4698	#FFFFFF	165
4699	#FFFFFF	134
4700	#FFFFFF	134
4701	#FFFFFF	350
4702	#FFFFFF	350
4703	#FFFFFF	10
4704	#FFFFFF	10
4705	#FFFFFF	10
4706	#FFFFFF	10
4707	#FFFFFF	10
4708	#FFFFFF	37
4709	#FFFFFF	10
4710	#FFFFFF	37
4711	#FFFFFF	134
4712	#FFFFFF	37
4713	#FFFFFF	10
4714	#FFFFFF	10
4715	#FFFFFF	10
4716	#FFFFFF	10
4717	#FFFFFF	10
4718	#FFFFFF	10
4719	#FFFFFF	10
4722	#FFFFFF	165
4733	#FFFFFF	165
4743	#FFFFFF	410
4744	#FFFFFF	165
4745	#FFFFFF	410
4746	#FFFFFF	410
4747	#FFFFFF	410
4749	#FFFFFF	165
4750	#FFFFFF	134
4751	#FFFFFF	350
4752	#FFFFFF	350
4753	#FFFFFF	10
4754	#FFFFFF	10
4755	#FFFFFF	10
4756	#FFFFFF	10
4757	#FFFFFF	37
4758	#FFFFFF	37
4759	#FFFFFF	10
4760	#FFFFFF	37
4761	#FFFFFF	165
4762	#FFFFFF	37
4763	#FFFFFF	37
4764	#FFFFFF	10
4765	#FFFFFF	10
4766	#FFFFFF	10
4767	#FFFFFF	10
4768	#FFFFFF	10
4769	#FFFFFF	10
4772	#FFFFFF	165
4783	#FFFFFF	165
4794	#FFFFFF	410
4795	#FFFFFF	165
4796	#FFFFFF	165
4797	#FFFFFF	410
4798	#FFFFFF	410
4799	#FFFFFF	134
4800	#FFFFFF	134
4801	#FFFFFF	165
4802	#FFFFFF	350
4803	#FFFFFF	350
4804	#FFFFFF	10
4805	#FFFFFF	10
4806	#FFFFFF	10
4807	#FFFFFF	10
4808	#FFFFFF	37
4809	#FFFFFF	37
4810	#FFFFFF	10
4811	#FFFFFF	37
4812	#FFFFFF	165
4813	#FFFFFF	37
4814	#FFFFFF	10
4815	#FFFFFF	37
4816	#FFFFFF	10
4817	#FFFFFF	10
4818	#FFFFFF	10
4819	#FFFFFF	10
4823	#FFFFFF	165
4834	#FFFFFF	165
4844	#FFFFFF	165
4845	#FFFFFF	165
4846	#FFFFFF	165
4847	#FFFFFF	165
4848	#FFFFFF	410
4850	#FFFFFF	134
4851	#FFFFFF	134
4852	#FFFFFF	350
4853	#FFFFFF	10
4854	#FFFFFF	350
4855	#FFFFFF	10
4856	#FFFFFF	10
4857	#FFFFFF	10
4858	#FFFFFF	37
4859	#FFFFFF	37
4860	#FFFFFF	10
4861	#FFFFFF	37
4862	#FFFFFF	165
4863	#FFFFFF	37
4864	#FFFFFF	37
4865	#FFFFFF	37
4866	#FFFFFF	10
4867	#FFFFFF	10
4868	#FFFFFF	10
4869	#FFFFFF	10
4873	#FFFFFF	165
4884	#FFFFFF	165
4895	#FFFFFF	165
4896	#FFFFFF	165
4897	#FFFFFF	165
4898	#FFFFFF	165
4899	#FFFFFF	410
4900	#FFFFFF	165
4901	#FFFFFF	134
4902	#FFFFFF	134
4903	#FFFFFF	10
4904	#FFFFFF	350
4905	#FFFFFF	10
4906	#FFFFFF	37
4907	#FFFFFF	10
4908	#FFFFFF	10
4909	#FFFFFF	37
4910	#FFFFFF	37
4911	#FFFFFF	10
4912	#FFFFFF	37
4913	#FFFFFF	165
4914	#FFFFFF	37
4915	#FFFFFF	37
4916	#FFFFFF	10
4917	#FFFFFF	10
4918	#FFFFFF	10
4919	#FFFFFF	10
4924	#FFFFFF	165
4935	#FFFFFF	165
4945	#FFFFFF	165
4946	#FFFFFF	165
4947	#FFFFFF	165
4948	#FFFFFF	165
4949	#FFFFFF	350
4951	#FFFFFF	165
4952	#FFFFFF	165
4953	#FFFFFF	10
4954	#FFFFFF	350
4955	#FFFFFF	10
4956	#FFFFFF	10
4957	#FFFFFF	37
4958	#FFFFFF	10
4959	#FFFFFF	10
4960	#FFFFFF	37
4961	#FFFFFF	10
4962	#FFFFFF	10
4963	#FFFFFF	165
4964	#FFFFFF	37
4965	#FFFFFF	37
4966	#FFFFFF	37
4967	#FFFFFF	37
4968	#FFFFFF	10
4969	#FFFFFF	10
4974	#FFFFFF	165
4985	#FFFFFF	16
4996	#FFFFFF	165
4997	#FFFFFF	165
4998	#FFFFFF	165
4999	#FFFFFF	165
5000	#FFFFFF	10
5001	#FFFFFF	22
5002	#FFFFFF	165
5003	#FFFFFF	16
5004	#FFFFFF	10
5005	#FFFFFF	10
5006	#FFFFFF	37
5007	#FFFFFF	37
5008	#FFFFFF	37
5009	#FFFFFF	10
5010	#FFFFFF	37
5011	#FFFFFF	37
5012	#FFFFFF	10
5013	#FFFFFF	37
5014	#FFFFFF	16
5015	#FFFFFF	37
5016	#FFFFFF	37
5017	#FFFFFF	37
5018	#FFFFFF	10
5019	#FFFFFF	10
5025	#FFFFFF	16
5036	#FFFFFF	165
5046	#FFFFFF	16
5047	#FFFFFF	165
5048	#FFFFFF	165
5049	#FFFFFF	16
5050	#FFFFFF	10
